_key,url,name,price,مشخصات فیزیکی/ابعاد,مشخصات فیزیکی/وزن,پردازنده مرکزی/سازنده پردازنده,پردازنده مرکزی/سری پردازنده,پردازنده مرکزی/مدل پردازنده,پردازنده مرکزی/محدوده سرعت پردازنده,پردازنده مرکزی/فرکانس پردازنده,پردازنده مرکزی/حافظه Cache,حافظه RAM/ظرفیت حافظه RAM,حافظه RAM/نوع حافظه RAM,حافظه داخلی/ظرفیت حافظه داخلی,حافظه داخلی/نوع حافظه داخلی,حافظه داخلی/مشخصات حافظه داخلی,پردازنده گرافیکی/سازنده پردازنده گرافیکی,پردازنده گرافیکی/مدل پردازنده گرافیکی,پردازنده گرافیکی/حافظه اختصاصی پردازنده گرافیکی,صفحه نمایش/اندازه صفحه نمایش,صفحه نمایش/نوع صفحه نمایش,صفحه نمایش/دقت صفحه نمایش,صفحه نمایش/صفحه نمایش مات,صفحه نمایش/صفحه نمایش لمسی,صفحه نمایش/توضیحات صفحه نمایش
807845,https://www.digikala.com/product/dkp-807845,Lenovo ThinkPad E590 - E 15.6 Inch laptop,"۱۵,۹۰۰,۰۰۰",19.9 × 242 × 329 میلی‌متر,2.1 کیلوگرم,Intel,Core i3,8145U,تا 2.0GHz,2.1 تا 3.9 GHz,4 مگابایت,4 گیگابایت,DDR4,یک ترابایت,هارد دیسک,سرعت چرخش 5400 دور بر دقیقه,Intel,UHD Graphics 620,بدون حافظه‌ی گرافیکی مجزا,15.6 اینچ,TFT LED-backlit LCD,HD|1366x768,بله,خیر,نسبت تصویر 16:9
1165258,https://www.digikala.com/product/dkp-1165258,Lenovo Ideapad 330 - BQ - 15 inch Laptop,"۲۷,۵۰۰,۰۰۰",22.9 × 260 × 378 میلی‌متر,2.2 کیلوگرم,Intel,Core i7,8550U,تا 2.0GHz,1.80 تا 4.00 GHz,8 مگابایت,16 گیگابایت,DDR4,دو ترابایت,هارد دیسک,5400RPM,NVIDIA,GeForce MX150 GDDR5,4GB,15.6 اینچ,TFT LED-backlit LCD,Full HD| 1920 x1080,بله,خیر,نسبت تصویر 16.9
1722266,https://www.digikala.com/product/dkp-1722266,Apple MacBook Pro MV962 2019 - 13 inch Laptop With Touch Bar,"۴۹,۹۹۹,۰۰۰",14.9 × 212.4 × 304.1 میلی‌متر,1.37 کیلوگرم,Intel,Core i5,Intel Core i5 quad-core Coffee Lake (8279U),2.2 تا 2.5 گیگاهرتز,2.3 تا 3.6 GHz,6 مگابایت,8 گیگابایت,DDR4,256 گیگابایت,SSD,PCIe-based onboard,Intel,Intel Iris Plus Graphics 640,بدون حافظه‌ی گرافیکی مجزا,13.3 اینچ,IPS LED-backlit LCD,QHD|2560x1600,خیر,خیر,نسبت تصویر 16:9 و 227 پیکسل در هر اینچ
1722812,https://www.digikala.com/product/dkp-1722812,Apple MacBook Pro MV972 2019 - 13 inch Laptop With Touch Bar,"۵۴,۹۹۹,۰۰۰",14.9 × 212.4 × 304.1 میلی‌متر,1.37 کیلوگرم,Intel,Core i5,Intel Core i5 quad-core Coffee Lake (8279U),2.2 تا 2.5 گیگاهرتز,2.3 تا 3.6 GHz,6 مگابایت,8 گیگابایت,DDR4,512 گیگابایت,SSD,PCIe-based onboard,Intel,Intel Iris Plus Graphics 640,بدون حافظه‌ی گرافیکی مجزا,13.3 اینچ,IPS LED-backlit LCD,QHD|2560x1600,خیر,خیر,نسبت تصویر 16:9 و 227 پیکسل در هر اینچ
1743571,https://www.digikala.com/product/dkp-1743571,Lenovo ThinkPad E590 - A 15.6 Inch laptop,"۲۳,۲۹۹,۰۰۰",329.3x242x19.9 میلی‌متر,2.1 کیلوگرم,Intel,Core i5,8265U,2.8 گیگاهرتز و بیشتر,1.6UP TO 3.9 GHz,6 مگابایت,8 گیگابایت,DDR4,یک ترابایت,هارد دیسک,5400RPM,AMD,AMD Radeon RX550,2GB,15.6 اینچ,TFT LED-backlit LCD,HD|1366x768,بله,خیر,
1788325,https://www.digikala.com/product/dkp-1788325,Lenovo Ideapad 330 - NXB 15 inch Laptop,"۱۳,۱۰۹,۰۰۰",22.9 × 260 × 378 میلی‌متر,2.2 کیلوگرم,Intel,Celeron,N4000,تا 2.0GHz,1.1 تا 2.6 GHz,4 مگابایت,8 گیگابایت,DDR4,یک ترابایت,هارد دیسک,5400RPM,Intel,UHD Graphics 600,بدون حافظه‌ی گرافیکی مجزا,15.6 اینچ,TFT LED-backlit LCD,HD|1366x768,بله,خیر,
1942731,https://www.digikala.com/product/dkp-1942731,Lenovo Ideapad 130 - PI -15 inch Laptop,"۱۹,۷۵۰,۰۰۰",22× 253 × 375 میلی‌متر,2.1 کیلوگرم,Intel,Core i5,8250U,تا 2.0GHz,1.6UP TO 3.4 GHz,6 مگابایت,4 گیگابایت,DDR4,یک ترابایت,هارد دیسک,5400RPM,NVIDIA,MX110,2GB,15.6 اینچ,TFT LED-backlit LCD,HD|1366x768,بله,خیر,
2014573,https://www.digikala.com/product/dkp-2014573,Lenovo ideapad L340 - A - i5 inch laptop,"۳۶,۴۰۰,۰۰۰",22.9 × 254.6 × 363 میلی‌متر,2.2 کیلوگرم,Intel,Core i7,9750H,2.5 تا 2.8 گیگاهرتز,2.6 تا 4.5 GHz GHz,12 مگابایت,16 گیگابایت,DDR4,یک ترابایت,حافظه‌های هیبریدی,یک ترابایت حافظه هارددیسک به‌ همراه 256 گیگابایت حافظه از نوع SSD,NVIDIA,Geforce GTX 1650,4GB,15.6 اینچ,IPS LED-backlit LCD,Full HD| 1920 x1080,بله,خیر,
2129897,https://www.digikala.com/product/dkp-2129897,Lenovo ideapad L340 - T - i5 inch laptop,"۲۰,۷۶۹,۳۸۰",22.9 × 260 × 378 میلی‌متر,2.2 کیلوگرم,AMD,Ryzen 3,R3-3200U,تا 2.0GHz,2.6UP TO 3.5 GHz,4 مگابایت,12 گیگابایت,DDR4,یک ترابایت,هارد دیسک,,AMD,AMD Radeon RX Vega 3,2GB,15.6 اینچ,TFT LED-backlit LCD,HD|1366x768,بله,خیر,
2152433,https://www.digikala.com/product/dkp-2152433,MSI GF63 Thin 9SC - C 15 Inch Laptop,"۴۰,۸۵۰,۰۰۰",21.7*254*359 میلی‌متر,1.86 کیلوگرم,Intel,Core i7,CoffeeLake Core i7-9750H,2.5 تا 2.8 گیگاهرتز,2.6 GHz,12 مگابایت,16 گیگابایت,DDR4,یک ترابایت,هارد دیسک,1TB HDD+ 128GB SSD NVME PCIe Gen3x4,NVIDIA,NVIDIA® GeForce® GTX 1650 4GB GDDR5,4GB,15.6 اینچ,IPS level panel,Full HD| 1920 x1080,بله,خیر,
2187972,https://www.digikala.com/product/dkp-2187972,ASUS ROG Strix G531GV-X 15 inch Laptop,"۵۹,۸۴۹,۰۰۰",360x275x26 میلی‌متر,2.39 کیلوگرم,Intel,Core i7,9750H,2.8 گیگاهرتز و بیشتر,up to 4.50 GHz,12 مگابایت,16 گیگابایت,DDR4,یک ترابایت,حافظه‌های هیبریدی,یک ترابایت + 256 گیگابایت حافظه SSD,NVIDIA,Geforce RTX 2060 GDDR5,6GB,15.6 اینچ,IPS LED-backlit LCD,Full HD| 1920 x1080,بله,خیر,
2251159,https://www.digikala.com/product/dkp-2251159,MSI GF63 Thin 9SC - A 15 Inch Laptop,"۴۵,۰۰۰,۰۰۰",21.7×254×359 میلی‌متر,1.86 کیلوگرم,Intel,Core i7,9750H,,2.20GHz up to 4.10GHz GHz,12 مگابایت,16 گیگابایت,DDR3,16 گیگابایت,هارد دیسک,به همراه 128 گیگابایت حافظه SSD,NVIDIA,GeForce GTX1650,4GB,15.6 اینچ,IPS LED-backlit LCD,Full HD| 1920 x1080,بله,خیر,
2267260,https://www.digikala.com/product/dkp-2267260,Lenovo ideapad L340 - NPT - i5 inch laptop,"۲۶,۰۹۷,۷۷۰",22.9 × 260 × 378 میلی‌متر,2.2 کیلوگرم,AMD,Ryzen 7,R7-3700U,2.0 تا 2.2 گیگاهرتز,2.3UP TO 4.0 GHz,6 مگابایت,12 گیگابایت,DDR4,یک ترابایت,حافظه‌های هیبریدی,یک ترابایت حافظه هارددیسک به همراه 256 گیگابایت حافظه SSD,AMD,AMD Radeon RX Vega 10,2GB,15.6 اینچ,TFT LED-backlit LCD,Full HD| 1920 x1080,بله,خیر,
2348690,https://www.digikala.com/product/dkp-2348690,HP 255G7-A 15 inch Laptop,"۱۶,۳۹۹,۹۸۰",376x 246 x 22.5 میلی‌متر,1.8 کیلوگرم,AMD,Ryzen 3,2200U,2.8 گیگاهرتز و بیشتر,2.5 GHz,4 مگابایت,4 گیگابایت,DDR4,یک ترابایت,هارد دیسک,5400rpm SATA,AMD,AMD Radeon™ Vega Graphics,512MB,15.6 اینچ,TFT LED-backlit LCD,HD|1366x768,خیر,خیر,
2366270,https://www.digikala.com/product/dkp-2366270,ASUS VivoBook Pro 15 N580GD - HR - 15 inch Laptop,"۴۷,۰۰۰,۰۰۰",380x256x19.2 میلی‌متر,1.99 کیلوگرم,Intel,Core i7,8750H,2.2 تا 2.5 گیگاهرتز,2.2Up to 4.1 GHz,9 مگابایت,16 گیگابایت,DDR4,یک ترابایت,حافظه‌های هیبریدی,یک ترابایت حافظه هارددیسک به‌همراه 256 گیگابایت حافظه از نوع SSD,NVIDIA,Geforce GTX1050,4GB,15.6 اینچ,IPS LED-backlit LCD,Full HD| 1920 x1080,بله,خیر,صفحه نمایش  Wide View
2478443,https://www.digikala.com/product/dkp-2478443,ZenBook Duo UX481FLC - AP - 14 inch Laptop,"۴۷,۳۰۰,۰۰۰",323x223x199 میلی‌متر,1.6 کیلوگرم,Intel,Core i7,10510U,2.8 گیگاهرتز و بیشتر,1.8 گیگاهرتز تا 4.9 گیگاهرتز GHz,8 مگابایت,16 گیگابایت,DDR3,یک ترابایت,SSD,M2 NVMe PCIe,NVIDIA,Geforce MX250 GDDR5,2GB,14 اینچ,IPS level panel,Full HD| 1920 x1080,بله,خیر,صفحه نمایش دوم 12.6 اینچ FHD (1920×1080) IPS  با قابلیت پشتی بانی از لمس و قلم
2511866,https://www.digikala.com/product/dkp-2511866,Acer Nitro 5 AN515-54 - 15 inch Laptop,"۴۲,۸۹۰,۰۰۰",362x260x27 میلی‌متر,2.5 کیلوگرم,Intel,Core i7,9750H,2.8 گیگاهرتز و بیشتر,2.60-4.50 GHz,12 مگابایت,16 گیگابایت,DDR4,یک ترابایت,حافظه‌های هیبریدی,به همراه 256 گیگابایت حافظه SSD,NVIDIA,GTX1650,4GB,15.6 اینچ,IPS LED-backlit LCD,Full HD| 1920 x1080,بله,خیر,
2538161,https://www.digikala.com/product/dkp-2538161,Lenovo ideapad L340 - MR - i5 inch laptop,"۲۲,۴۸۹,۰۰۰",22x260x378 میلی‌متر,2.2 کیلوگرم,AMD,Ryzen 5,R5-3500U,2.0 تا 2.2 گیگاهرتز,2.1UP TO 3.7 GHz,4 مگابایت,12 گیگابایت,DDR4,یک ترابایت,هارد دیسک,5400RPM,AMD,AMD Radeon RX Vega 8,2GB,15.6 اینچ,TFT LED-backlit LCD,HD|1366x768,بله,خیر,
2563660,https://www.digikala.com/product/dkp-2563660,Microsoft Surface Laptop 3 - B - 256GB 13 inch Laptop,"۵۲,۹۹۹,۰۰۰",308x223x14.5 میلی‌متر,1.288 کیلوگرم,Intel,Core i5,Quad-core 10th 1035G7,تا 2.0GHz,1.2 تا 3.7 GHz,6 مگابایت,8 گیگابایت,DDR4,256 گیگابایت,SSD,حافظه SSD با قابلیت جداسازی از لپ تاپ,Intel,Intel Iris Plus Graphics,بدون حافظه‌ی گرافیکی مجزا,13.5 اینچ,PixelSense™ Display,2256x1504,خیر,بله,نسبت تصویر 3 به 2
2563904,https://www.digikala.com/product/dkp-2563904,Microsoft Surface Laptop 3 - D - 256GB 13 inch Laptop,"۶۳,۸۴۹,۰۰۰",308x223x14.5 میلی‌متر,1.288 کیلوگرم,Intel,Core i7,Quad-core 10th 1065G7,تا 2.0GHz,1.3 تا 3.9 GHz,8 مگابایت,16 گیگابایت,DDR4,256 گیگابایت,SSD,حافظه SSD با قابلیت جداسازی از لپ تاپ,Intel,Intel Iris Plus Graphics,بدون حافظه‌ی گرافیکی مجزا,13.5 اینچ,PixelSense™ Display,2256x1504,خیر,بله,نسبت تصویر 3 به 2
2579762,https://www.digikala.com/product/dkp-2579762,ASUS VivoBook X543MA - NP - 15 inch Laptop,"۱۱,۵۰۰,۰۰۰",27x251x381 میلی‌متر,1.9 کیلوگرم,Intel,Celeron,N4000,تا 2.0GHz,1.1 تا 2.6 GHz,4 مگابایت,4 گیگابایت,DDR4,یک ترابایت,هارد دیسک,5400RPM,Intel,HD GRAPHICS 500,بدون حافظه‌ی گرافیکی مجزا,15.6 اینچ,TFT LED-backlit LCD,Full HD| 1920 x1080,بله,خیر,
2610315,https://www.digikala.com/product/dkp-2610315,Lenovo ideapad L340 - HMR i5 inch laptop,"۲۴,۶۸۵,۲۹۰",22x260x378 میلی‌متر,2.2 کیلوگرم,AMD,Ryzen 7,R7-3700U,2.0 تا 2.2 گیگاهرتز,2.3UP TO 4.0 GHz,6 مگابایت,12 گیگابایت,DDR4,یک ترابایت,هارد دیسک,5400 RPM,AMD,AMD Radeon RX Vega 10,2GB,15.6 اینچ,TFT LED-backlit LCD,Full HD| 1920 x1080,بله,خیر,
2677525,https://www.digikala.com/product/dkp-2677525,Lenovo Ideapad 330 - NPT - 15 inch Laptop,"۲۶,۴۹۰,۰۰۰",22x260x378 میلی‌متر,2.2 کیلوگرم,Intel,Core i7,8550U,2.8 گیگاهرتز و بیشتر,1.8 تا 4.0 GHz,8 مگابایت,12 گیگابایت,DDR4,یک ترابایت,هارد دیسک,5400RPM,NVIDIA,GEFORCE MX150 GDDR5,4GB,15.6 اینچ,TFT LED-backlit LCD,Full HD| 1920 x1080,بله,خیر,
2705549,https://www.digikala.com/product/dkp-2705549,ASUS M509DJ-X 15 inch Laptop,"۱۹,۵۰۰,۰۰۰",22.9x234.9x360.2 میلی‌متر,1.8 کیلوگرم,AMD,Ryzen 3,3200U,,,4 مگابایت,8 گیگابایت,DDR4,یک ترابایت,هارد دیسک,,NVIDIA,MX230 GDDR5,2GB,15.6 اینچ,IPS LED-backlit LCD,Full HD| 1920 x1080,بله,خیر,نسبت تصویر 16:9 با تکنولوژی WideView
2728975,https://www.digikala.com/product/dkp-2728975,ASUS VivoBook K571GD - B - 15 inch Laptop,"۳۰,۸۰۰,۰۰۰",359x248x21.9 میلی‌متر,2.14 کیلوگرم,Intel,Core i5,9300H,2.5 تا 2.8 گیگاهرتز,2.4GHz Up to 4.1 GHz,8 مگابایت,8 گیگابایت,DDR4,یک ترابایت,حافظه‌های هیبریدی,1TB+256GB SSD,NVIDIA,GEFORCE GTX1050,4GB,15.6 اینچ,178°wide-view technology,Full HD| 1920 x1080,بله,خیر,
2750375,https://www.digikala.com/product/dkp-2750375,Lenovo V15-IWL - i5 inch laptop,"۲۱,۰۰۰,۰۰۰",362.2x251.5x19.9 میلی‌متر,1.85 کیلوگرم,Intel,Core i5,8265U,تا 2.0GHz,1.6 GHz,6 مگابایت,8 گیگابایت,DDR4,یک ترابایت,هارد دیسک,,NVIDIA,GeForce MX110,2GB,15.6 اینچ,TFT LED-backlit LCD,HD|1366x768,بله,خیر,روشنایی 220 نیتبا نسبت 16:9
2837419,https://www.digikala.com/product/dkp-2837419,Apple MacBook Air MWTJ2 2020 - 13 inch Laptop,"۳۷,۱۴۹,۰۰۰",304.1x212.4x16.1 میلی‌متر,1.29 کیلوگرم,Intel,Core i3,dual-core 10th Generation (1000NG4),تا 2.0GHz,1.1 تا 3.2 GHz,4 مگابایت,8 گیگابایت,DDR4,256 گیگابایت,SSD,PCIe-based onboard,Intel,Intel Iris Plus,بدون حافظه‌ی گرافیکی مجزا,13.3 اینچ,IPS LED-backlit LCD,QHD|2560x1600,خیر,خیر,نسبت تصویر 16 به 10
2837445,https://www.digikala.com/product/dkp-2837445,Apple MacBook Air MWTJ2 2020 - 13 inch Laptop,"۳۷,۱۴۹,۰۰۰",304.1x212.4x16.1 میلی‌متر,1.29 کیلوگرم,Intel,Core i3,dual-core 10th Generation (1000NG4),تا 2.0GHz,1.1 تا 3.2 GHz,4 مگابایت,4 گیگابایت,DDR4,256 گیگابایت,SSD,PCIe-based onboard,Intel,Intel Iris Plus,بدون حافظه‌ی گرافیکی مجزا,13.3 اینچ,IPS LED-backlit LCD,QHD|2560x1600,خیر,خیر,نسبت تصویر 16 به 10
2837471,https://www.digikala.com/product/dkp-2837471,Apple MacBook Air MWTK2 2020 - 13 inch Laptop,"۳۷,۱۴۹,۰۰۰",304.1x212.4x16.1 میلی‌متر,1.29 کیلوگرم,Intel,Core i3,dual-core 10th Generation (1000NG4),تا 2.0GHz,1.1 تا 3.2 GHz,4 مگابایت,8 گیگابایت,DDR4,256 گیگابایت,SSD,PCIe-based onboard,Intel,Intel Iris Plus,بدون حافظه‌ی گرافیکی مجزا,13.3 اینچ,IPS LED-backlit LCD,QHD|2560x1600,خیر,خیر,نسبت تصویر 16 به 10
2837919,https://www.digikala.com/product/dkp-2837919,Apple MacBook Air MVH22 2020 - 13 inch Laptop,"۴۷,۹۹۹,۰۰۰",304.1x212.4x16.1 میلی‌متر,1.29 کیلوگرم,Intel,Core i5,10th Generation 1030NG7,تا 2.0GHz,1.1 تا 3.5 GHz,6 مگابایت,8 گیگابایت,DDR4,512 گیگابایت,SSD,PCIe-based onboard,Intel,Intel Iris Plus,بدون حافظه‌ی گرافیکی مجزا,13.3 اینچ,IPS LED-backlit LCD,QHD|2560x1600,خیر,خیر,نسبت تصویر 16 به 10
2843863,https://www.digikala.com/product/dkp-2843863,Apple MacBook Air MVH52 2020 - 13 inch Laptop,"۴۷,۹۹۹,۰۰۰",304.1x212.4x16.1 میلی‌متر,1.29 کیلوگرم,Intel,Core i5,dual-core 10th Generation (1030NG7),تا 2.0GHz,1.1 تا 3.5 GHz,6 مگابایت,8 گیگابایت,DDR4,512 گیگابایت,SSD,PCIe-based onboard,Intel,Intel Iris Plus,بدون حافظه‌ی گرافیکی مجزا,13.3 اینچ,IPS LED-backlit LCD,QHD|2560x1600,خیر,خیر,نسبت تصویر 16 به 10
2843902,https://www.digikala.com/product/dkp-2843902,Apple MacBook Air MVH42 2020 - 13 inch Laptop,"۴۷,۹۹۹,۰۰۰",304.1x212.4x16.1 میلی‌متر,1.29 کیلوگرم,Intel,Core i5,dual-core Intel Core i5 10th Generation (1030NG7),تا 2.0GHz,1.1 تا 3.5 GHz,6 مگابایت,8 گیگابایت,DDR4,512 گیگابایت,SSD,PCIe-based onboard,Intel,Intel Iris Plus,بدون حافظه‌ی گرافیکی مجزا,13.3 اینچ,IPS LED-backlit LCD,QHD|2560x1600,خیر,خیر,نسبت تصویر 16 به 10
2845964,https://www.digikala.com/product/dkp-2845964,Apple MacBook Pro MXK32 2020 - 13 inch Laptop With Touch Bar,"۵۱,۱۴۹,۰۰۰",304.1x212.4x15.6 میلی‌متر,1.4 کیلوگرم,Intel,Core i5,quad-core 8th Generation (8257U),تا 2.0GHz,1.4 تا 3.9 GHz,6 مگابایت,8 گیگابایت,DDR3,256 گیگابایت,SSD,PCIe-based onboard,Intel,Intel Iris Plus 645,بدون حافظه‌ی گرافیکی مجزا,13.3 اینچ,IPS LED-backlit LCD,QHD|2560x1600,خیر,خیر,نسبت تصویر 16:9 و 227 پیکسل در هر اینچ
2848889,https://www.digikala.com/product/dkp-2848889,Apple MacBook Pro MXK62 2020 - 13 inch Laptop With Touch Bar,"۵۱,۱۴۹,۰۰۰",304.1x212.4x15.6 میلی‌متر,1.4 کیلوگرم,Intel,Core i5,quad-core 8th Generation (8257U),تا 2.0GHz,1.4 تا 3.9 GHz,6 مگابایت,8 گیگابایت,DDR3,256 گیگابایت,SSD,PCIe-based onboard,Intel,Intel Iris Plus 645,بدون حافظه‌ی گرافیکی مجزا,13.3 اینچ,IPS LED-backlit LCD,QHD|2560x1600,خیر,خیر,نسبت تصویر 16:9 و 227 پیکسل در هر اینچ
2858674,https://www.digikala.com/product/dkp-2858674,Apple MacBook Pro MXK52 2020 - 13 inch Laptop With Touch Bar,"۵۹,۹۹۹,۰۰۰",304.1x212.4x15.6 میلی‌متر,1.4 کیلوگرم,Intel,Core i5,quad-core 8th Generation (8257U),تا 2.0GHz,1.4 تا 3.9 GHz,6 مگابایت,8 گیگابایت,DDR3,512 گیگابایت,SSD,PCIe-based onboard,Intel,Intel Iris Plus 645,بدون حافظه‌ی گرافیکی مجزا,13.3 اینچ,IPS LED-backlit LCD,QHD|2560x1600,خیر,خیر,نسبت تصویر 16:9 و 227 پیکسل در هر اینچ
2858818,https://www.digikala.com/product/dkp-2858818,Apple MacBook Pro MXK72 2020 - 13 inch Laptop With Touch Bar,"۵۹,۹۹۹,۰۰۰",304.1x212.4x15.6 میلی‌متر,1.4 کیلوگرم,Intel,Core i5,quad-core 8th Generation (8257U),تا 2.0GHz,1.4 تا 3.9 GHz,6 مگابایت,8 گیگابایت,DDR3,512 گیگابایت,SSD,PCIe-based onboard,Intel,Intel Iris Plus 645,بدون حافظه‌ی گرافیکی مجزا,13.3 اینچ,IPS LED-backlit LCD,QHD|2560x1600,خیر,خیر,نسبت تصویر 16:9 و 227 پیکسل در هر اینچ
2858920,https://www.digikala.com/product/dkp-2858920,Apple MacBook Pro MWP42 2020 - 13 inch Laptop With Touch Bar,"۶۴,۱۴۹,۰۰۰",304.1x212.4x15.6 میلی‌متر,1.4 کیلوگرم,Intel,Core i5,quad-core 10th Generation (1038NG7),تا 2.0GHz,2.0 تا 3.8 GHz,6 مگابایت,16 گیگابایت,DDR4,512 گیگابایت,SSD,PCIe-based onboard,Intel,Intel Iris Plus,بدون حافظه‌ی گرافیکی مجزا,13.3 اینچ,IPS LED-backlit LCD,QHD|2560x1600,خیر,خیر,نسبت تصویر 16:9 و 227 پیکسل در هر اینچ
2859336,https://www.digikala.com/product/dkp-2859336,Apple MacBook Pro MWP52 2020 - 13 inch Laptop With Touch Bar,"۶۶,۱۴۹,۰۰۰",304.1x212.4x15.6 میلی‌متر,1.4 کیلوگرم,Intel,Core i5,quad-core 10th Generation (1038NG7),تا 2.0GHz,2.0 تا 3.8 GHz,6 مگابایت,16 گیگابایت,DDR4,یک ترابایت,SSD,PCIe-based onboard,Intel,Intel Iris Plus,بدون حافظه‌ی گرافیکی مجزا,13.3 اینچ,IPS LED-backlit LCD,QHD|2560x1600,خیر,خیر,نسبت تصویر 16:9 و 227 پیکسل در هر اینچ
2860869,https://www.digikala.com/product/dkp-2860869,ASUS Zenbook UX533FTC-X 15 inch Laptop,"۵۰,۱۱۲,۵۰۰",220x354x17 میلی‌متر,1.59 کیلوگرم,Intel,Core i7,10510U,2.8 گیگاهرتز و بیشتر,,8 مگابایت,16 گیگابایت,DDR3,یک ترابایت,SSD,,NVIDIA,GTX1650 MaxQDesign DDR5,4GB,15.6 اینچ,IPS LED-backlit LCD,Full HD| 1920 x1080,بله,خیر,178°wide-view technology
2896649,https://www.digikala.com/product/dkp-2896649,Lenovo ideapad L3 - A - i5 inch laptop,"۱۷,۷۳۰,۰۰۰",363x254.6x22.9 میلی‌متر,2.2 کیلوگرم,Intel,Core i3,10110U,2.0 تا 2.2 گیگاهرتز,2.1UP TO 4.1 GHz,4 مگابایت,4 گیگابایت,DDR4,یک ترابایت,هارد دیسک,سرعت حافظه 5400 دور در دقیقه,Intel,Intel UHD Graphic,بدون حافظه‌ی گرافیکی مجزا,15.6 اینچ,TFT LED-backlit LCD,HD|1366x768,بله,خیر,
2897028,https://www.digikala.com/product/dkp-2897028,Lenovo ideapad L3 - C - i5 inch laptop,"۲۱,۳۲۹,۰۰۰",363x254.6x22.9 میلی‌متر,2.2 کیلوگرم,Intel,Core i5,10210U,تا 2.0GHz,1.6UP TO 4.2 GHz,6 مگابایت,4 گیگابایت,DDR4,یک ترابایت,هارد دیسک,سرعت حافظه 5400 دور در دقیقه,NVIDIA,MX130,2GB,15.6 اینچ,TFT LED-backlit LCD,Full HD| 1920 x1080,بله,خیر,
2905622,https://www.digikala.com/product/dkp-2905622,Lenovo Ideapad L3 - 15IML05 - NPA - 15 inch Laptop,"۲۲,۴۵۰,۰۰۰",363x23x254 میلی‌متر,2.2 کیلوگرم,Intel,Core i5,10210U,2.8 گیگاهرتز و بیشتر,1.6 تا 4.2 GHz,6 مگابایت,8 گیگابایت,DDR4,یک ترابایت,هارد دیسک,5400RPM,NVIDIA,Geforce MX 130,2GB,15.6 اینچ,TFT LED-backlit LCD,Full HD| 1920 x1080,بله,خیر,
2908455,https://www.digikala.com/product/dkp-2908455,ASUS Zenbook UX434FLC Touch - A 14 inch Laptop,"۴۹,۵۰۰,۰۰۰",320x200x17 میلی‌متر,1.3 کیلوگرم,Intel,Core i7,10510u,2.8 گیگاهرتز و بیشتر,1.8 تا 4.9 GHz,8 مگابایت,16 گیگابایت,DDR3,یک ترابایت,SSD,,NVIDIA,GeForce® MX250,2GB,14 اینچ,IPS LED-backlit LCD,Full HD| 1920 x1080,خیر,بله,صفحه نمایش لمسی
2924678,https://www.digikala.com/product/dkp-2924678,HP DA2204-A - 15 inch Laptop,"۲۷,۱۲۰,۰۰۰",376x246x22.5 میلی‌متر,2.04 کیلوگرم,Intel,Core i7,10510U,تا 2.0GHz,1.8 تا 4.9 GHz,8 مگابایت,8 گیگابایت,DDR4,یک ترابایت,هارد دیسک,,NVIDIA,GeForce® MX130 GDDR5,2GB,15.6 اینچ,WLED Backlit,Full HD| 1920 x1080,بله,خیر,"diagonal FHD SVA anti-glare WLED-backlit, 220 nits, 45% NTSC"
2926113,https://www.digikala.com/product/dkp-2926113,HP Pavilion X360 14T DH100-A - 14 inch Laptop,"۳۸,۱۰۰,۰۰۰",322x222x20 میلی‌متر,1.6 کیلوگرم,Intel,Core i7,10510U,تا 2.0GHz,1.8 تا 4.9 GHz,8 مگابایت,8 گیگابایت,DDR4,یک ترابایت,حافظه‌های هیبریدی,یک ترابایت هارددیسک به همراه 128 گیگابایت SSD M.2,NVIDIA,GeForce® MX250 GDDR5,2GB,14 اینچ,WLED Backlit,Full HD| 1920 x1080,خیر,بله,diagonal IPS micro-edge WLED-backlit multitouch-enabled edge-to-edge
2926183,https://www.digikala.com/product/dkp-2926183,HP Pavilion X360 14T DH100-B - 14 inch Laptop,"۳۹,۱۳۰,۰۰۰",322x222x20 میلی‌متر,1.6 کیلوگرم,Intel,Core i7,10510U,تا 2.0GHz,1.8 تا 4.9 GHz,8 مگابایت,16 گیگابایت,DDR4,یک ترابایت,حافظه‌های هیبریدی,یک ترابایت هارددیسک به همراه 128 گیگابایت SSD M.2,NVIDIA,GeForce® MX250 GDDR5,2GB,14 اینچ,WLED Backlit,Full HD| 1920 x1080,خیر,بله,diagonal IPS micro-edge WLED-backlit multitouch-enabled edge-to-edge
2926272,https://www.digikala.com/product/dkp-2926272,HP Pavilion X360 14T DH100-C - 14 inch Laptop,"۴۰,۱۶۰,۰۰۰",322x222x20 میلی‌متر,1.6 کیلوگرم,Intel,Core i7,10510U,تا 2.0GHz,1.8 تا 4.9 GHz,8 مگابایت,16 گیگابایت,DDR4,یک ترابایت,حافظه‌های هیبریدی,یک ترابایت هارددیسک به همراه 250 گیگابایت SSD M.2,NVIDIA,GeForce® MX250 GDDR5,2GB,14 اینچ,WLED Backlit,Full HD| 1920 x1080,خیر,بله,diagonal IPS micro-edge WLED-backlit multitouch-enabled edge-to-edge
2926300,https://www.digikala.com/product/dkp-2926300,HP Pavilion X360 14T DH100-D - 14 inch Laptop,"۴۱,۱۹۰,۰۰۰",322x222x20 میلی‌متر,1.6 کیلوگرم,Intel,Core i7,10510U,تا 2.0GHz,1.8 تا 4.9 GHz,8 مگابایت,16 گیگابایت,DDR4,یک و نیم ترابایت,حافظه‌های هیبریدی,یک ترابایت هارددیسک به همراه 500 گیگابایت SSD M.2,NVIDIA,GeForce® MX250 GDDR5,2GB,14 اینچ,WLED Backlit,Full HD| 1920 x1080,خیر,بله,diagonal IPS micro-edge WLED-backlit multitouch-enabled edge-to-edge
2946133,https://www.digikala.com/product/dkp-2946133,Acer Aspire A315-55G-52TF 15 inch Laptop,"۲۵,۳۸۰,۰۰۰",368x252x23 میلی‌متر,2.2 کیلوگرم,Intel,Core i5,10210U,تا 2.0GHz,1.6UP TO 4.2 GHz,6 مگابایت,8 گیگابایت,DDR4,یک ترابایت,حافظه‌های هیبریدی,به همراه 256GB حافظه SSD,NVIDIA,MX230,2GB,15.6 اینچ,TFT LED-backlit LCD,Full HD| 1920 x1080,بله,خیر,
2989740,https://www.digikala.com/product/dkp-2989740,ASUS ROG Zephyrus GA502IV-PLZ 15 inch Laptop,"۶۱,۸۰۰,۰۰۰",360x252x19 میلی‌متر,1.9 کیلوگرم,AMD,Ryzen 7,4800H,2.8 گیگاهرتز و بیشتر,2.9 تا 4.2 GHz,8 مگابایت,32 گیگابایت,DDR4,یک ترابایت,SSD,دارای 1 ترابایت ssd از نوع M2,NVIDIA,GeForce® RTX 2060,6GB,15.6 اینچ,IPS LED-backlit LCD,Full HD| 1920 x1080,بله,خیر,144 هرتز
3013533,https://www.digikala.com/product/dkp-3013533,ASUS Zenbook UX534FTC-ZQ 15 inch Laptop,"۵۱,۴۹۰,۰۰۰",354x220x17 میلی‌متر,1.59 کیلوگرم,Intel,Core i7,10510U,2.8 گیگاهرتز و بیشتر,1.8تا 4.9 GHz GHz,8 مگابایت,16 گیگابایت,DDR3,یک ترابایت,SSD,,NVIDIA,GTX1650 DDR5,4GB,15.6 اینچ,178°wide-view technology,Full HD| 1920 x1080,بله,خیر,
3031550,https://www.digikala.com/product/dkp-3031550,Lenovo Ideapad L3 -  NPM - 15 inch Laptop,"۲۳,۸۵۰,۰۰۰",263x23x254 میلی‌متر,2.2 کیلوگرم,Intel,Core i5,10210U,2.8 گیگاهرتز و بیشتر,1.6 تا 4.2 GHz,6 مگابایت,12 گیگابایت,DDR4,یک ترابایت,هارد دیسک,5400RPM,NVIDIA,Geforce MX 130,2GB,15.6 اینچ,TFT LED-backlit LCD,Full HD| 1920 x1080,بله,خیر,
3095101,https://www.digikala.com/product/dkp-3095101,HP 255 G7 - C - 15 inch Laptop,"۲۰,۲۹۹,۹۰۰",246x376x22.5 میلی‌متر,1.8 کیلوگرم,AMD,Ryzen 5,2500U,2.8 گیگاهرتز و بیشتر,2.0 GHz,4 مگابایت,8 گیگابایت,DDR4,یک ترابایت,هارد دیسک,,AMD,Radeon Vega Graphics,1GB,15.6 اینچ,WLED Backlit,Full HD| 1920 x1080,خیر,خیر,
3159354,https://www.digikala.com/product/dkp-3159354,ASUS VivoBook R521JA- NP - 15 inch Laptop,"۱۶,۸۰۰,۰۰۰",360x23x234 میلی‌متر,1.8 کیلوگرم,Intel,Core i3,1005G1,2.2 تا 2.5 گیگاهرتز,1.2 تا 3.4 GHz,4 مگابایت,4 گیگابایت,DDR4,یک ترابایت,هارد دیسک,5400RPM,Intel,Intel® UHD Graphics,بدون حافظه‌ی گرافیکی مجزا,15.6 اینچ,178°wide-view technology,Full HD| 1920 x1080,بله,خیر,
3175718,https://www.digikala.com/product/dkp-3175718,HP ENVY X360 15T ED000-A - 15 inch Laptop,"۴۹,۴۳۰,۰۰۰",357x230x18 میلی‌متر,1.9 کیلوگرم,Intel,Core i7,i7-10510U,تا 2.0GHz,1.8 تا 4.9 GHz,8 مگابایت,16 گیگابایت,DDR4,یک ترابایت,SSD,PCIe® NVMe™ M.2 SSD,NVIDIA,GeForce® MX330 GDDR5,4GB,15.6 اینچ,WLED Backlit,Full HD| 1920 x1080,خیر,بله,"15.6 diagonal FHD, IPS, micro-edge, WLED-backlit, multitouch-enabled, edge-to-edge glass, 250 nits"
3175751,https://www.digikala.com/product/dkp-3175751,HP ENVY X360 15T ED000-B - 15 inch Laptop,"۵۱,۴۹۰,۰۰۰",357x230x18 میلی‌متر,1.9 کیلوگرم,Intel,Core i7,i7-10510U,تا 2.0GHz,1.8 تا 4.9 GHz,8 مگابایت,32 گیگابایت,DDR4,یک ترابایت,SSD,PCIe® NVMe™ M.2 SSD,NVIDIA,GeForce® MX330 GDDR5,4GB,15.6 اینچ,WLED Backlit,Full HD| 1920 x1080,خیر,بله,"15.6 diagonal FHD, IPS, micro-edge, WLED-backlit, multitouch-enabled, edge-to-edge glass, 250 nits"
3190060,https://www.digikala.com/product/dkp-3190060,Lenovo IdeaPad L3 - TR 15inch Laptop,"۲۳,۲۵۰,۰۰۰",363x255x24 میلی‌متر,2.2 کیلوگرم,Intel,Core i5,10210U,تا 2.0GHz,,6 مگابایت,8 گیگابایت,DDR4,یک ترابایت,هارد دیسک,,NVIDIA,NVIDIA GeForce MX130,2GB,15.6 اینچ,,Full HD| 1920 x1080,بله,خیر,
3247877,https://www.digikala.com/product/dkp-3247877,Acer AN715-51-73V6 15 Inch Laptop,"۴۷,۱۵۰,۰۰۰",363x254x25 میلی‌متر,2.5 کیلوگرم,Intel,Core i7,9750H,2.8 گیگاهرتز و بیشتر,2.6-4.5 GHz,12 مگابایت,24 گیگابایت,DDR4,یک ترابایت,SSD,SSD NVMe,NVIDIA,GTX1650,4GB,15.6 اینچ,IPS LED-backlit LCD,Full HD| 1920 x1080,بله,خیر,
3252652,https://www.digikala.com/product/dkp-3252652,HP 15-da2180nia - 15 inch laptop,"۱۹,۸۹۰,۰۰۰",376x246x225 میلی‌متر,2.04 کیلوگرم,Intel,Core i5,i5-10210U,2.8 گیگاهرتز و بیشتر,up to 4.2 GHz,6 مگابایت,4 گیگابایت,DDR4,یک ترابایت,هارد دیسک,,NVIDIA,Geforce MX110,2GB,15.6 اینچ,WLED Backlit,HD|1366x768,بله,خیر,
3270287,https://www.digikala.com/product/dkp-3270287,HP db1200ny - C - 15 inch Laptop,"۲۷,۲۵۵,۳۰۰",376x246x22.5 میلی‌متر,2 کیلوگرم,AMD,Ryzen 7,3700U,2.8 گیگاهرتز و بیشتر,2.3 GHz,,16 گیگابایت,DDR4,یک ترابایت,حافظه‌های هیبریدی,1TB HDD 5400 + 240GB SSD m.2,AMD,AMD Radeon RX Vega 10,2GB,15.6 اینچ,WLED Backlit,Full HD| 1920 x1080,بله,خیر,
3324074,https://www.digikala.com/product/dkp-3324074,ASUS ROG Strix G512LW 15 inch Laptop,"۷۲,۳۰۰,۰۰۰",275x258x36 میلی‌متر,2.4 کیلوگرم,Intel,Core i7,10750H,2.8 گیگاهرتز و بیشتر,2.6 تا 5.0 GHz,12 مگابایت,16 گیگابایت,DDR4,یک ترابایت,SSD,M2 NVMe PCIe,NVIDIA,GeForce® RTX 2070,8GB,15.6 اینچ,178°wide-view technology,Full HD| 1920 x1080,بله,خیر,
3327078,https://www.digikala.com/product/dkp-3327078,HP 255 G7 - D - 15 inch Laptop,"۲۱,۴۹۹,۵۰۰",376x246x22.5 میلی‌متر,1.8 کیلوگرم,AMD,Ryzen 5,2500U,2.8 گیگاهرتز و بیشتر,,,12 گیگابایت,DDR4,یک ترابایت,هارد دیسک,,AMD,Radeon Vega Graphics,1GB,15.6 اینچ,WLED Backlit,Full HD| 1920 x1080,بله,خیر,
3327134,https://www.digikala.com/product/dkp-3327134,HP 255 G7 - E - 15 inch Laptop,"۲۰,۲۹۹,۹۵۰",376x246x22.5 میلی‌متر,1.8 کیلوگرم,AMD,Ryzen 5,2500U,2.8 گیگاهرتز و بیشتر,,,8 گیگابایت,DDR4,یک ترابایت,هارد دیسک,,AMD,Radeon Vega Graphics,1GB,15.6 اینچ,WLED Backlit,Full HD| 1920 x1080,بله,خیر,
3331894,https://www.digikala.com/product/dkp-3331894,Lenovo legion 5 _ A 15inch laptop,"۴۴,۹۰۰,۰۰۰",365x275x25 میلی‌متر,2.39 کیلوگرم,Intel,Core i7,10750H,2.8 گیگاهرتز و بیشتر,2.6 GHz,12 مگابایت,8 گیگابایت,DDR4,512 گیگابایت,SSD,,NVIDIA,GeForce GTX 1660 Ti,6GB,15.6 اینچ,,Full HD| 1920 x1080,بله,خیر,
3332115,https://www.digikala.com/product/dkp-3332115,Lenovo legion 5 _ D 15inch laptop,"۵۱,۹۰۰,۰۰۰",365x275x25 میلی‌متر,2.39 کیلوگرم,Intel,Core i7,10750H,2.8 گیگاهرتز و بیشتر,2.6 GHz,12 مگابایت,32 گیگابایت,DDR4,یک ترابایت,SSD,,NVIDIA,GeForce GTX 1650 Ti,6GB,15.6 اینچ,,Full HD| 1920 x1080,بله,خیر,
3370794,https://www.digikala.com/product/dkp-3370794,HP Pavilion CS3429-C 15 inch Laptop,"۲۷,۲۹۰,۰۰۰",361x241x17.9 میلی‌متر,1.9 کیلوگرم,Intel,Core i5,1035G1,تا 2.0GHz,1.0 تا 3.6 GHz,6 مگابایت,8 گیگابایت,DDR4,یک ترابایت,حافظه‌های هیبریدی,یک ترابایت هارد دیسک به همراه 250 گیگابایت SSD M.2,NVIDIA,GeForce® MX130 GDDR5,2GB,15.6 اینچ,WLED Backlit,Full HD| 1920 x1080,بله,خیر,FHD anti-glare micro-edge WLED-backlit
3370857,https://www.digikala.com/product/dkp-3370857,Acer Aspire 3 A315-56G-53N0-15 Inch Laptop,"۲۱,۰۰۰,۰۰۰",382x252x24 میلی‌متر,2.1 کیلوگرم,Intel,Core i5,10210U,2.8 گیگاهرتز و بیشتر,1.6-4.2 GHz,6 مگابایت,4 گیگابایت,DDR4,یک ترابایت,هارد دیسک,5400rpm,NVIDIA,mx230,2GB,15.6 اینچ,TFT LED-backlit LCD,Full HD| 1920 x1080,بله,خیر,
3371169,https://www.digikala.com/product/dkp-3371169,HP Pavilion CS3442-A 15 inch Laptop,"۳۰,۸۹۰,۰۰۰",361x241x17.9 میلی‌متر,1.9 کیلوگرم,Intel,Core i7,1065G7,تا 2.0GHz,1.3 تا 3.9 GHz,8 مگابایت,8 گیگابایت,DDR4,یک ترابایت,هارد دیسک,,NVIDIA,GeForce® MX250 GDDR5,2GB,15.6 اینچ,WLED Backlit,Full HD| 1920 x1080,بله,خیر,FHD anti-glare micro-edge WLED-backlit
3371196,https://www.digikala.com/product/dkp-3371196,HP Pavilion CS3442-B 15 inch Laptop,"۳۲,۴۴۰,۰۰۰",361x241x17.9 میلی‌متر,1.9 کیلوگرم,Intel,Core i7,1065G7,تا 2.0GHz,1.3 تا 3.9 GHz,8 مگابایت,8 گیگابایت,DDR4,یک ترابایت,حافظه‌های هیبریدی,یک ترابایت هارد دیسک به همراه 250 گیگابایت SSD M.2,NVIDIA,GeForce® MX250 GDDR5,2GB,15.6 اینچ,WLED Backlit,Full HD| 1920 x1080,بله,خیر,FHD anti-glare micro-edge WLED-backlit
3371228,https://www.digikala.com/product/dkp-3371228,HP Pavilion CS3442-C 15 inch Laptop,"۳۳,۹۸۰,۰۰۰",361x241x17.9 میلی‌متر,1.9 کیلوگرم,Intel,Core i7,1065G7,تا 2.0GHz,1.3 تا 3.9 GHz,8 مگابایت,16 گیگابایت,DDR4,یک ترابایت,حافظه‌های هیبریدی,یک ترابایت هارد دیسک به همراه 250 گیگابایت SSD M.2,NVIDIA,GeForce® MX250 GDDR5,2GB,15.6 اینچ,WLED Backlit,Full HD| 1920 x1080,بله,خیر,FHD anti-glare micro-edge WLED-backlit
3371263,https://www.digikala.com/product/dkp-3371263,HP Pavilion CS3442-D 15 inch Laptop,"۳۵,۰۱۰,۰۰۰",361x241x17.9 میلی‌متر,1.9 کیلوگرم,Intel,Core i7,1065G7,تا 2.0GHz,1.3 تا 3.9 GHz,8 مگابایت,16 گیگابایت,DDR4,یک و نیم ترابایت,حافظه‌های هیبریدی,یک ترابایت هارد دیسک به همراه 500 گیگابایت SSD M.2,NVIDIA,GeForce® MX250 GDDR5,2GB,15.6 اینچ,WLED Backlit,Full HD| 1920 x1080,بله,خیر,FHD anti-glare micro-edge WLED-backlit
3373052,https://www.digikala.com/product/dkp-3373052,HP Pavilion CS3457-A 15 inch Laptop,"۳۳,۹۸۰,۰۰۰",361x241x17.9 میلی‌متر,1.9 کیلوگرم,Intel,Core i7,1065G7,تا 2.0GHz,1.3 تا 3.9 GHz,8 مگابایت,8 گیگابایت,DDR4,یک ترابایت,هارد دیسک,,NVIDIA,GeForce® MX250 GDDR5,4GB,15.6 اینچ,WLED Backlit,Full HD| 1920 x1080,بله,خیر,FHD anti-glare micro-edge WLED-backlit
3373074,https://www.digikala.com/product/dkp-3373074,HP Pavilion CS3457-C 15 inch Laptop,"۳۶,۵۶۰,۰۰۰",361x241x17.9 میلی‌متر,1.9 کیلوگرم,Intel,Core i7,1065G7,تا 2.0GHz,1.3 تا 3.9 GHz,8 مگابایت,16 گیگابایت,DDR4,یک ترابایت,حافظه‌های هیبریدی,یک ترابایت هارد دیسک به همراه 250 گیگابایت SSD M.2,NVIDIA,GeForce® MX250 GDDR5,4GB,15.6 اینچ,WLED Backlit,Full HD| 1920 x1080,بله,خیر,FHD anti-glare micro-edge WLED-backlit
3373078,https://www.digikala.com/product/dkp-3373078,HP Pavilion CS3457-D 15 inch Laptop,"۳۷,۵۹۰,۰۰۰",361x241x17.9 میلی‌متر,1.9 کیلوگرم,Intel,Core i7,1065G7,تا 2.0GHz,1.3 تا 3.9 GHz,8 مگابایت,16 گیگابایت,DDR4,یک و نیم ترابایت,حافظه‌های هیبریدی,یک ترابایت هارد دیسک به همراه 500 گیگابایت SSD M.2,NVIDIA,GeForce® MX250 GDDR5,4GB,15.6 اینچ,WLED Backlit,Full HD| 1920 x1080,بله,خیر,FHD anti-glare micro-edge WLED-backlit
3373091,https://www.digikala.com/product/dkp-3373091,ASUS TUF GAMING FX706IU - 17 inch Laptop,"۵۲,۲۰۰,۰۰۰",399x268x23 میلی‌متر,2.6 کیلوگرم,AMD,Ryzen 7,4900H,2.8 گیگاهرتز و بیشتر,2.3 تا 4.4 GHz,8 مگابایت,16 گیگابایت,DDR4,یک ترابایت,حافظه‌های هیبریدی,1ترابایت هارد دیسک به همراه 256GB حافظه ی SSD,NVIDIA,GeForce® GTX1660Ti,6GB,17.3 اینچ,178°wide-view technology,Full HD| 1920 x1080,بله,خیر,
3373238,https://www.digikala.com/product/dkp-3373238,HP DA2211-A - 15 inch Laptop,"۲۷,۹۰۰,۰۰۰",376x246x22.5 میلی‌متر,2 کیلوگرم,Intel,Core i7,10510U,تا 2.0GHz,1.8 تا 4.9 GHz,8 مگابایت,8 گیگابایت,DDR4,یک ترابایت,هارد دیسک,,NVIDIA,GeForce® MX130 GDDR5,4GB,15.6 اینچ,WLED Backlit,Full HD| 1920 x1080,بله,خیر,"FHD SVA anti-glare WLED-backlit, 220 nits, 45% NTSC"
3373528,https://www.digikala.com/product/dkp-3373528,HP ProBook 450 G7-A -15 inch Laptop,"۲۴,۷۱۰,۰۰۰",365x256x19 میلی‌متر,2 کیلوگرم,Intel,Core i5,10210U,تا 2.0GHz,1.6 تا 4.2 GHz,6 مگابایت,8 گیگابایت,DDR4,یک ترابایت,هارد دیسک,,NVIDIA,GeForce® MX130 GDDR5,2GB,15.6 اینچ,IPS LED-backlit LCD,HD|1366x768,بله,خیر,"HD SVA eDP anti-glare slim, 220 nits, 45% NTSC"
3373826,https://www.digikala.com/product/dkp-3373826,HP ProBook 450 G7-C -15 inch Laptop,"۲۶,۲۶۰,۰۰۰",365x256x19 میلی‌متر,2 کیلوگرم,Intel,Core i5,10210U,تا 2.0GHz,1.6 تا 4.2 GHz,6 مگابایت,8 گیگابایت,DDR4,یک ترابایت,حافظه‌های هیبریدی,یک ترابایت هارد دیسک به همراه 250 گیگابایت SSD M.2,NVIDIA,GeForce® MX130 GDDR5,2GB,15.6 اینچ,IPS LED-backlit LCD,HD|1366x768,بله,خیر,"HD SVA eDP anti-glare slim, 220 nits, 45% NTSC"
3373886,https://www.digikala.com/product/dkp-3373886,HP ProBook 450 G7-D -15 inch Laptop,"۳۱,۴۱۰,۰۰۰",365x256x19 میلی‌متر,2 کیلوگرم,Intel,Core i7,10510U,تا 2.0GHz,1.8 تا 4.9 GHz,8 مگابایت,8 گیگابایت,DDR4,یک ترابایت,هارد دیسک,,NVIDIA,GeForce® MX250 GDDR5,2GB,15.6 اینچ,IPS LED-backlit LCD,Full HD| 1920 x1080,بله,خیر,"Full HD SVA eDP anti-glare slim, 220 nits, 45% NTSC"
3381701,https://www.digikala.com/product/dkp-3381701,ASUS VivoBook K543UB - MR - 15 inch Laptop,"۱۸,۶۰۰,۰۰۰",27.2x251x381 میلی‌متر,1.9 کیلوگرم,Intel,Core i3,8130U,تا 2.0GHz,GHz,4 مگابایت,4 گیگابایت,DDR4,یک ترابایت,هارد دیسک,دور هارد 5400 دور در دقیقه,NVIDIA,MX110,2GB,15.6 اینچ,,Full HD| 1920 x1080,خیر,خیر,
3382516,https://www.digikala.com/product/dkp-3382516,HP DW0225-D- 15 inch Laptop,"۲۰,۷۵۰,۰۰۰",358x242x19 میلی‌متر,1.7 کیلوگرم,Intel,Core i3,8130U,2.0 تا 2.2 گیگاهرتز,2.2 تا 3.4 GHz,4 مگابایت,8 گیگابایت,DDR4,یک ترابایت,حافظه‌های هیبریدی,یک ترابایت هارد دیسک به همراه 250 گیگابایت SSD M.2,NVIDIA,GeForce® MX130 GDDR5,2GB,15.6 اینچ,WLED Backlit,HD|1366x768,بله,خیر,HD SVA anti-glare micro-edge WLED-backlit
3384482,https://www.digikala.com/product/dkp-3384482,ASUS ROG Strix G512LV-Z 15 inch Laptop,"۶۱,۹۸۰,۰۰۰",360x275x25.8 میلی‌متر,2.3 کیلوگرم,Intel,Core i7,10750H,,,12 مگابایت,16 گیگابایت,DDR4,یک ترابایت,SSD,,NVIDIA,GeForce RTX™ 2060,6GB,15.6 اینچ,IPS LED-backlit LCD,Full HD| 1920 x1080,بله,خیر,
3384483,https://www.digikala.com/product/dkp-3384483,HP Pavilion Gaming CD1008-A - 17 Inch Laptop,"۵۲,۰۱۰,۰۰۰",405x282x25 میلی‌متر,2.74 کیلوگرم,Intel,Core i7,10750H,2.5 تا 2.8 گیگاهرتز,2.6 تا 5.0 GHz,12 مگابایت,16 گیگابایت,DDR4,یک ترابایت,حافظه‌های هیبریدی,یک ترابایت هارد دیسک به همراه 256 گیگابایت SSD M.2 Nvme,NVIDIA,GeForce GTX 1660 Ti with Max-Q Design,6GB,17.3 اینچ,WLED Backlit,Full HD| 1920 x1080,بله,خیر,FHD IPS anti-glare WLED
3387265,https://www.digikala.com/product/dkp-3387265,HP Pavilion Gaming CD1008-B - 17 Inch Laptop,"۵۳,۰۴۰,۰۰۰",405x282x25 میلی‌متر,2.74 کیلوگرم,Intel,Core i7,10750H,2.5 تا 2.8 گیگاهرتز,2.6 تا 5.0 GHz,12 مگابایت,16 گیگابایت,DDR4,یک و نیم ترابایت,حافظه‌های هیبریدی,یک ترابایت هارد دیسک به همراه 500 گیگابایت SSD M.2,NVIDIA,GeForce GTX 1660 Ti with Max-Q Design,6GB,17.3 اینچ,WLED Backlit,Full HD| 1920 x1080,بله,خیر,FHD IPS anti-glare WLED
3387310,https://www.digikala.com/product/dkp-3387310,HP Pavilion Gaming CD1008-C - 17 Inch Laptop,"۵۴,۰۷۰,۰۰۰",405x282x25 میلی‌متر,2.74 کیلوگرم,Intel,Core i7,10750H,2.5 تا 2.8 گیگاهرتز,2.6 تا 5.0 GHz,12 مگابایت,32 گیگابایت,DDR4,یک ترابایت,حافظه‌های هیبریدی,یک ترابایت هارد دیسک به همراه 256 گیگابایت SSD M.2 Nvme,NVIDIA,GeForce GTX 1660 Ti with Max-Q Design,6GB,17.3 اینچ,WLED Backlit,Full HD| 1920 x1080,بله,خیر,FHD IPS anti-glare WLED
3387418,https://www.digikala.com/product/dkp-3387418,HP Pavilion Gaming CD1008-D - 17 Inch Laptop,"۵۵,۶۱۰,۰۰۰",405x282x25 میلی‌متر,2.74 کیلوگرم,Intel,Core i7,10750H,2.5 تا 2.8 گیگاهرتز,2.6 تا 5.0 GHz,12 مگابایت,32 گیگابایت,DDR4,یک و نیم ترابایت,حافظه‌های هیبریدی,یک ترابایت هارد دیسک به همراه 500 گیگابایت SSD M.2,NVIDIA,GeForce GTX 1660 Ti with Max-Q Design,6GB,17.3 اینچ,WLED Backlit,Full HD| 1920 x1080,بله,خیر,FHD IPS anti-glare WLED
3387540,https://www.digikala.com/product/dkp-3387540,HP Pavilion Gaming CD1008-E - 17 Inch Laptop,"۵۷,۶۷۰,۰۰۰",405x282x25 میلی‌متر,2.74 کیلوگرم,Intel,Core i7,10750H,2.5 تا 2.8 گیگاهرتز,2.6 تا 5.0 GHz,12 مگابایت,32 گیگابایت,DDR4,دو ترابایت,حافظه‌های هیبریدی,یک ترابایت هارد دیسک به همراه یک ترابایت SSD M.2,NVIDIA,GeForce GTX 1660 Ti with Max-Q Design,6GB,17.3 اینچ,WLED Backlit,Full HD| 1920 x1080,بله,خیر,FHD IPS anti-glare WLED
3388363,https://www.digikala.com/product/dkp-3388363,ASUS VivoBook R521FA - MR - 15 inch Laptop,"۱۵,۹۹۰,۰۰۰",22.9x235x360 میلی‌متر,1.9 کیلوگرم,Intel,Core i3,8145U,تا 2.0GHz,,4 مگابایت,4 گیگابایت,DDR4,یک ترابایت,هارد دیسک,,Intel,Integrated Graphics,بدون حافظه‌ی گرافیکی مجزا,15.6 اینچ,,Full HD| 1920 x1080,بله,خیر,
3388401,https://www.digikala.com/product/dkp-3388401,Lenovo legion 5 15IMH05H - 15 inch Laptop,"۴۳,۴۹۹,۰۰۰",365x275x25 میلی‌متر,2.39 کیلوگرم,Intel,Core i7,10750H,2.8 گیگاهرتز و بیشتر,2.6 تا 5 GHz,12 مگابایت,16 گیگابایت,DDR4,یک ترابایت,حافظه‌های هیبریدی,یک ترابایت حافظه هارددیسک به‌ همراه 256 گیگابایت حافظه از نوع SSD,NVIDIA,GeForce GTX 1660 Ti,6GB,15.6 اینچ,,Full HD| 1920 x1080,بله,خیر,
3392063,https://www.digikala.com/product/dkp-3392063,Lenovo Ideapad 330 - MR - 15 inch Laptop,"۲۵,۴۰۰,۰۰۰",22.9x260x378 میلی‌متر,2.2 کیلوگرم,Intel,Core i7,8550U,تا 2.0GHz,GHz,8 مگابایت,8 گیگابایت,DDR4,یک ترابایت,هارد دیسک,سرعت حافظه 5400 دور در دقیقه,NVIDIA,MX150,4GB,15.6 اینچ,TFT LED-backlit LCD,Full HD| 1920 x1080,بله,خیر,
3392345,https://www.digikala.com/product/dkp-3392345,ASUS VivoBook R521JP -MR- 15 inch Laptop,"۲۶,۳۰۰,۰۰۰",23x234x360 میلی‌متر,1.7 کیلوگرم,Intel,Core i5,1035G1,2.8 گیگاهرتز و بیشتر,تا 3.6GHz GHz,6 مگابایت,8 گیگابایت,DDR4,یک ترابایت,هارد دیسک,,NVIDIA,GeForce® MX330,2GB,15.6 اینچ,178°wide-view technology,Full HD| 1920 x1080,بله,خیر,
3393780,https://www.digikala.com/product/dkp-3393780,ASUS VivoBook K571GT - MR 15 inch Laptop,"۴۰,۳۰۰,۰۰۰",21.9x248x359 میلی‌متر,2.14 کیلوگرم,Intel,Core i7,9750H,2.8 گیگاهرتز و بیشتر,,12 مگابایت,8 گیگابایت,DDR4,یک ترابایت,حافظه‌های هیبریدی,1TB HDD+256GB SSD M2,NVIDIA,GeForce® GTX1650,4GB,15.6 اینچ,,Full HD| 1920 x1080,بله,خیر,
3395686,https://www.digikala.com/product/dkp-3395686,Lenovo ideapad L3 - AB - i5 inch laptop,"۱۸,۶۸۰,۰۰۰",363x254.6x22.9 میلی‌متر,2.2 کیلوگرم,Intel,Core i3,10110U,2.0 تا 2.2 گیگاهرتز,2.1UP TO 4.1 GHz,4 مگابایت,8 گیگابایت,DDR4,یک ترابایت,هارد دیسک,سرعت حافظه 5400 دور در دقیقه,Intel,Intel UHD,بدون حافظه‌ی گرافیکی مجزا,15.6 اینچ,TFT LED-backlit LCD,HD|1366x768,بله,خیر,
3401373,https://www.digikala.com/product/dkp-3401373,Acer Predator Helios 300 PH315-53-78PD 15 inch Laptop,"۵۰,۷۰۰,۰۰۰",361x254x23.1 میلی‌متر,2.49 کیلوگرم,Intel,Core i7,10750H,,,,16 گیگابایت,DDR4,یک ترابایت,SSD,,NVIDIA,GeForce GTX 1650Ti,4GB,15.6 اینچ,IPS LED-backlit LCD,Full HD| 1920 x1080,بله,خیر,
3405430,https://www.digikala.com/product/dkp-3405430,Lenovo Ideapad 3 - A - 15 inch Laptop,"۱۴,۹۰۰,۰۰۰",362.2x253.4x19.9 میلی‌متر,1.75 کیلوگرم,Intel,Pentium,Pentium Gold 6405U,2.2 تا 2.5 گیگاهرتز,2.4 GHz,2 مگابایت,4 گیگابایت,DDR4,یک ترابایت,هارد دیسک,سرعت حافظه 5400 دور در دقیقه,NVIDIA,MX130,2GB,15.6 اینچ,TFT LED-backlit LCD,HD|1366x768,بله,خیر,
3405844,https://www.digikala.com/product/dkp-3405844,Lenovo Ideapad V130 - HMC - 15 inch Laptop,"۱۷,۷۰۰,۰۰۰",375x253x22.3 میلی‌متر,2.05 کیلوگرم,Intel,Core i3,8130U,2.2 تا 2.5 گیگاهرتز,2.2UP TO 3.4 GHz,4 مگابایت,12 گیگابایت,DDR4,یک ترابایت,هارد دیسک,سرعت حافظه 5400 دور در دقیقه,AMD,RADEON 430,2GB,15.6 اینچ,TFT LED-backlit LCD,HD|1366x768,بله,خیر,
3405930,https://www.digikala.com/product/dkp-3405930,Lenovo Ideapad V130 - AB - 15 inch Laptop,"۱۷,۱۰۰,۰۰۰",375x253x22.3 میلی‌متر,2.05 کیلوگرم,Intel,Core i3,8130U,2.2 تا 2.5 گیگاهرتز,2.2UP TO 3.4 GHz,4 مگابایت,12 گیگابایت,DDR4,یک ترابایت,هارد دیسک,سرعت حافظه 5400 دور در دقیقه,Intel,UHD 620,بدون حافظه‌ی گرافیکی مجزا,15.6 اینچ,TFT LED-backlit LCD,HD|1366x768,بله,خیر,
3409565,https://www.digikala.com/product/dkp-3409565,ASUS VivoBook R521JB -MR - 15.6 inch Laptop,"۲۲,۴۲۰,۰۰۰",23x334x360 میلی‌متر,1.7 کیلوگرم,Intel,Core i5,1035G1,,,6 مگابایت,4 گیگابایت,DDR4,یک ترابایت,هارد دیسک,,NVIDIA,GeForce® MX110,2GB,15.6 اینچ,178°wide-view technology,Full HD| 1920 x1080,بله,خیر,
3419432,https://www.digikala.com/product/dkp-3419432,Lenovo IdeaPad Gaming 3 15IMH05 15 inch Laptop,"۴۰,۰۰۰,۰۰۰",359x249x24.9 میلی‌متر,2.2 کیلوگرم,Intel,Core i7,10750H,2.8 گیگاهرتز و بیشتر,2.6UP TO 5 GHz,12 مگابایت,16 گیگابایت,DDR4,یک ترابایت,حافظه‌های هیبریدی,یک ترابایت هارد دیسک به همراه 256 گیگ حافظه از نوع SSD,NVIDIA,GeForce GTX 1650,4GB,15.6 اینچ,,Full HD| 1920 x1080,بله,خیر,"IPS 250nits Anti-glare, 120Hz"
3422732,https://www.digikala.com/product/dkp-3422732,ASUS VivoBook X540UA - MR - 15 inch Laptop,"۱۷,۷۴۰,۰۰۰",27.2x251x381 میلی‌متر,1.90 کیلوگرم,Intel,Core i3,8130U,,,4 مگابایت,4 گیگابایت,DDR4,یک ترابایت,هارد دیسک,5400RPM,Intel,UHD Graphics 620,بدون حافظه‌ی گرافیکی مجزا,15.6 اینچ,TFT LED-backlit LCD,Full HD| 1920 x1080,بله,خیر,
3426635,https://www.digikala.com/product/dkp-3426635,LENOVO IDEAPAD  330 -MK Laptop 15 Inch,"۳۱,۹۵۰,۰۰۰",378x260x22.9 میلی‌متر,2.2 کیلوگرم,Intel,Core i7,8550U,2.5 تا 2.8 گیگاهرتز,,8 مگابایت,20 گیگابایت,DDR4,دو ترابایت,حافظه‌های هیبریدی,SSD SATA 256GB,NVIDIA,GEFORCE MX150 GDDR5,4GB,15.6 اینچ,,Full HD| 1920 x1080,بله,خیر,
3426911,https://www.digikala.com/product/dkp-3426911,Asus ZenBook Flip UX563FD-A Laptop Inch15,"۵۵,۳۵۰,۰۰۰",326x20x229 میلی‌متر,1.9 کیلوگرم,Intel,Core i7,Intel Core i7 10510U,2.8 گیگاهرتز و بیشتر,4.9 GHz,8 مگابایت,16 گیگابایت,DDR3,یک ترابایت,SSD,1TB PCIe,NVIDIA,NVIDIA Geforce GTX 1050 DDR5,4GB,15.6 اینچ,IPS LED-backlit LCD,Full HD| 1920 x1080,خیر,بله,ال سی دی تاچ به همراه چرخش 360 درجه همراه با قلم جهت طراحی می باشد
3430014,https://www.digikala.com/product/dkp-3430014,ASUS VivoBook R545FB - A 15.6 inch Laptop,"۲۳,۴۳۹,۰۰۰",380x251x29 میلی‌متر,1.9 کیلوگرم,Intel,Core i5,10210U,2.8 گیگاهرتز و بیشتر,1.6 تا 4.2 GHz,6 مگابایت,8 گیگابایت,DDR4,یک ترابایت,هارد دیسک,یک ترابایت حافظه داخلی از نوع هارد دیسک HDD,NVIDIA,GEFORCE MX110,2GB,15.6 اینچ,TFT LED-backlit LCD,Full HD| 1920 x1080,بله,خیر,
3430296,https://www.digikala.com/product/dkp-3430296,ASUS VivoBook S431FL - AM255 14 inch Laptop,"۳۶,۴۹۹,۰۰۰",357x230x18 میلی‌متر,1.8 کیلوگرم,Intel,Core i7,8565U,,,8 مگابایت,16 گیگابایت,DDR3,500 گیگابایت,SSD,,NVIDIA,MX250,2GB,14 اینچ,178°wide-view technology,Full HD| 1920 x1080,بله,خیر,
3430442,https://www.digikala.com/product/dkp-3430442,ASUS VivoBook R545FJ - A 15.6 inch Laptop,"۲۴,۴۴۲,۰۰۰",380x251x29 میلی‌متر,1.9 کیلوگرم,Intel,Core i5,10210U,2.8 گیگاهرتز و بیشتر,1.6 تا 4.2 GHz,6 مگابایت,8 گیگابایت,DDR4,یک ترابایت,هارد دیسک,یک ترابایت حافظه داخلی از نوع هارد دیسک HDD,NVIDIA,GEFORCE MX330,2GB,15.6 اینچ,TFT LED-backlit LCD,Full HD| 1920 x1080,بله,خیر,
3433018,https://www.digikala.com/product/dkp-3433018,Asus  VivoBook X540MB - DM143 15  inch Laptop,"۱۲,۹۹۹,۰۰۰",381x251x27 میلی‌متر,2 کیلوگرم,Intel,Celeron,N4000,2.5 تا 2.8 گیگاهرتز,,4 مگابایت,4 گیگابایت,DDR4,یک ترابایت,هارد دیسک,,Intel,MX110,2GB,15.6 اینچ,TFT LED-backlit LCD,Full HD| 1920 x1080,بله,خیر,
3433084,https://www.digikala.com/product/dkp-3433084,ASUS VivoBook R521JB - EJ027 - 15.6 inch Laptop,"۲۴,۰۲۰,۰۰۰",360x234x23 میلی‌متر,1.7 کیلوگرم,Intel,Core i5,1035ّG1,2.8 گیگاهرتز و بیشتر,1.0 تا 3.6 GHz,6 مگابایت,8 گیگابایت,DDR4,یک ترابایت,هارد دیسک,,NVIDIA,MX110,2GB,15.6 اینچ,,Full HD| 1920 x1080,بله,خیر,
3433590,https://www.digikala.com/product/dkp-3433590,Lenovo Ideapad 330 - FD - 15 inch Laptop,"۱۴,۱۰۰,۰۰۰",375.6x253.4x22.7 میلی‌متر,2.1 کیلوگرم,Intel,Pentium,N5000,تا 2.0GHz,1.1UP TO 2.7 GHz,4 مگابایت,8 گیگابایت,DDR4,یک ترابایت,هارد دیسک,سرعت حافظه 5400 دور در دقیقه,Intel,UHD 605,بدون حافظه‌ی گرافیکی مجزا,15.6 اینچ,TFT LED-backlit LCD,HD|1366x768,بله,خیر,
3436861,https://www.digikala.com/product/dkp-3436861,ASUS VivoBook R521JB - EJ237 - 15 inch Laptop,"۲۲,۷۰۳,۰۲۰",360x234x23 میلی‌متر,1.7 کیلوگرم,Intel,Core i3,1005G1,2.8 گیگاهرتز و بیشتر,1.2 تا 3.4 GHz,4 مگابایت,8 گیگابایت,DDR4,یک ترابایت,حافظه‌های هیبریدی,یک ترابایت حافظه هارددیسک به همراه 128 گیگابایت حافظه SSD,NVIDIA,GeForce® MX110,2GB,15.6 اینچ,178°wide-view technology,Full HD| 1920 x1080,بله,خیر,
3443924,https://www.digikala.com/product/dkp-3443924,Dell Latitude 5400 - A - 14 inch Laptop,"۴۵,۹۹۰,۰۰۰",20.9x323x216 میلی‌متر,1.52 کیلوگرم,Intel,Core i5,i5-8265U,2.8 گیگاهرتز و بیشتر,3.90 GHz,6 مگابایت,8 گیگابایت,DDR4,یک ترابایت,هارد دیسک,,Intel,UHD Graphics 620,بدون حافظه‌ی گرافیکی مجزا,14 اینچ,,HD|1366x768,بله,خیر,
3445694,https://www.digikala.com/product/dkp-3445694,Lenovo IdeaPad S145 - N 15.6 inch Laptop,"۱۷,۶۳۰,۰۰۰",378x265x22 میلی‌متر,2.2 کیلوگرم,AMD,Bristol Ridge,AMD A6-9225,2.5 تا 2.8 گیگاهرتز,2.60 GHz,1 مگابایت,8 گیگابایت,DDR4,یک ترابایت,هارد دیسک,5400RPM,AMD,Radeon 530,2GB,15.6 اینچ,TFT LED-backlit LCD,HD|1366x768,بله,خیر,
3455959,https://www.digikala.com/product/dkp-3455959,ASUS VivoBook R521JB- abc - 15.6 inch Laptop,"۳۰,۷۰۰,۰۰۰",29x251x380 میلی‌متر,2 کیلوگرم,Intel,Core i7,1065G7,,,8 مگابایت,8 گیگابایت,DDR4,یک ترابایت,هارد دیسک,,NVIDIA,GEFORCE MX110,2GB,15.6 اینچ,,Full HD| 1920 x1080,بله,خیر,
3472806,https://www.digikala.com/product/dkp-3472806,Lenovo Ideapad 330 - NXC 15 inch Laptop,"۱۳,۰۹۰,۰۰۰",678x260x22.9 میلی‌متر,2.2 کیلوگرم,Intel,Celeron,N4000,تا 2.0GHz,1.1 GHz,4 مگابایت,8 گیگابایت,DDR4,یک ترابایت,هارد دیسک,5400RPM,Intel,UHD Graphics 600,بدون حافظه‌ی گرافیکی مجزا,15.6 اینچ,TFT LED-backlit LCD,HD|1366x768,بله,خیر,
3473404,https://www.digikala.com/product/dkp-3473404,Acer Aspire A315-33-P2B1 15 inch Laptop,"۱۲,۳۰۰,۰۰۰",381.6x262.8x21.6 میلی‌متر,2.1 کیلوگرم,Intel,Pentium,N3710,تا 2.0GHz,1.6UP TO 2.56 GHz,2 مگابایت,4 گیگابایت,DDR3,یک ترابایت,هارد دیسک,سرعت حافظه 5400 دور در دقیقه,Intel,Intel HD Graphics,بدون حافظه‌ی گرافیکی مجزا,15.6 اینچ,TFT LED-backlit LCD,HD|1366x768,بله,خیر,
3474212,https://www.digikala.com/product/dkp-3474212,Lenovo ideapad L3 - NAD - 15 inch laptop,"۲۰,۹۹۹,۰۰۰",263x23x254 میلی‌متر,2.1 کیلوگرم,Intel,Core i3,10110U,2.0 تا 2.2 گیگاهرتز,2.1 تا 4.1 GHz,4 مگابایت,8 گیگابایت,DDR4,یک ترابایت,هارد دیسک,سرعت حافظه 5400 دور در دقیقه,NVIDIA,MX130,2GB,15.6 اینچ,TFT LED-backlit LCD,HD|1366x768,بله,خیر,
3479631,https://www.digikala.com/product/dkp-3479631,HP db1200ny - J - 15 inch Laptop,"۲۴,۰۱۰,۰۰۰",376x246x22.5 میلی‌متر,2 کیلوگرم,AMD,Ryzen 7,3700U,2.8 گیگاهرتز و بیشتر,2.3 GHz,,12 گیگابایت,DDR4,یک ترابایت,هارد دیسک,,AMD,AMD Radeon RX Vega 10,2GB,15.6 اینچ,WLED Backlit,Full HD| 1920 x1080,بله,خیر,
3479867,https://www.digikala.com/product/dkp-3479867,HP 255G7-Z 15 inch Laptop,"۱۷,۰۰۰,۳۷۰",376x246x22.5 میلی‌متر,1.8 کیلوگرم,AMD,Ryzen 3,2200U,2.8 گیگاهرتز و بیشتر,2.5 GHz,4 مگابایت,12 گیگابایت,DDR4,یک ترابایت,هارد دیسک,,AMD,AMD Radeon™ Vega Graphics,512MB,15.6 اینچ,,HD|1366x768,بله,خیر,
3484073,https://www.digikala.com/product/dkp-3484073,acer Helios 300 PH315-53-72XD 15 inch Laptop,"۵۸,۶۶۷,۷۰۰",360x254x22.86 میلی‌متر,2.5 کیلوگرم,Intel,Core i7,Core i7-10750h,2.5 تا 2.8 گیگاهرتز,2.60 GHz,12 مگابایت,16 گیگابایت,DDR4,512 گیگابایت,SSD,,NVIDIA,2060,6GB,15.6 اینچ,IPS LED-backlit LCD,Full HD| 1920 x1080,بله,خیر,15.6&#34; FHD IPS 144hz Slim bezel
3491487,https://www.digikala.com/product/dkp-3491487,ASUS ROG Strix G712LW 17 inch Laptop,"۷۵,۰۵۸,۲۰۰",399x293x26 میلی‌متر,2.85 کیلوگرم,Intel,Core i7,10750H,2.8 گیگاهرتز و بیشتر,2.6 تا 5 GHz,12 مگابایت,32 گیگابایت,DDR4,یک ترابایت,SSD,M2 NVMe PCIe,NVIDIA,GeForce® RTX 2070,8GB,17.3 اینچ,178°wide-view technology,Full HD| 1920 x1080,بله,خیر,144 هرتز
3491549,https://www.digikala.com/product/dkp-3491549,ASUS ROG Strix G712LV 17 inch Laptop,"۶۵,۱۰۰,۰۰۰",399x293x26 میلی‌متر,2.85 کیلوگرم,Intel,Core i7,10750H,2.8 گیگاهرتز و بیشتر,2.6 تا 5 GHz,12 مگابایت,16 گیگابایت,DDR4,یک ترابایت,SSD,M2 NVMe PCIe,NVIDIA,GeForce® RTX 2060,6GB,17.3 اینچ,178°wide-view technology,Full HD| 1920 x1080,بله,خیر,
3496894,https://www.digikala.com/product/dkp-3496894,Lenovo V15 - IW4 i5 inch laptop,"۲۱,۰۰۰,۰۰۰",362.2x251.5x19.9 میلی‌متر,1.85 کیلوگرم,Intel,Core i5,8265U,تا 2.0GHz,1.6 GHz,6 مگابایت,4 گیگابایت,DDR4,یک ترابایت,هارد دیسک,,AMD,R620,2GB,15.6 اینچ,,HD|1366x768,بله,خیر,روشنایی 220 نیتبا نسبت 16:9
3496968,https://www.digikala.com/product/dkp-3496968,Lenovo Ideapad 330 - SB 15 inch Laptop,"۱۲,۶۹۹,۰۰۰",378x260x22 میلی‌متر,2.2 کیلوگرم,Intel,Pentium,4415U,2.2 تا 2.5 گیگاهرتز,2.3 GHz,2 مگابایت,4 گیگابایت,DDR4,یک ترابایت,هارد دیسک,,Intel,Intel HD,بدون حافظه‌ی گرافیکی مجزا,15.6 اینچ,,HD|1366x768,بله,خیر,پنل صفحه نمایش TN
3497025,https://www.digikala.com/product/dkp-3497025,Lenovo Ideapad L3 15IML05 15 inch laptop,"۱۸,۶۹۹,۰۰۰",363x255x23 میلی‌متر,2.2 کیلوگرم,Intel,Core i3,10110U,2.8 گیگاهرتز و بیشتر,2.1 تا 4.1 GHz,4 مگابایت,4 گیگابایت,DDR4,یک ترابایت,هارد دیسک,5400rpm 2.5,Intel,UHD Graphic,بدون حافظه‌ی گرافیکی مجزا,15.6 اینچ,,HD|1366x768,بله,خیر,TN 220nits Anti-glare
3498196,https://www.digikala.com/product/dkp-3498196,Lenovo Ideapad l3-15IML05- MA 15 inch Laptop,"۲۷,۳۹۹,۰۰۰",23x254x263 میلی‌متر,2.2 کیلوگرم,Intel,Core i7,10510U,2.8 گیگاهرتز و بیشتر,1.8 - 4.9 GHz GHz,8 مگابایت,8 گیگابایت,DDR4,یک ترابایت,هارد دیسک,1TB HDD 5400rpm 2.5,NVIDIA,GeForce MX130 GDDR5,2GB,15.6 اینچ,IPS LED-backlit LCD,Full HD| 1920 x1080,بله,خیر,TN 220nits Anti-glare
3500666,https://www.digikala.com/product/dkp-3500666,Lenovo ThinkPad E590 - EA 15.6 Inch laptop,"۱۶,۹۰۰,۰۰۰",369x252x19.5 میلی‌متر,2.1 کیلوگرم,Intel,Core i3,8145U,2.0 تا 2.2 گیگاهرتز,2.1UP TO 3.9 GHz,4 مگابایت,8 گیگابایت,DDR4,یک ترابایت,هارد دیسک,سرعت حافظه 5400 دور در دقیقه,Intel,UHD 620,بدون حافظه‌ی گرافیکی مجزا,15.6 اینچ,TFT LED-backlit LCD,HD|1366x768,بله,خیر,
3506667,https://www.digikala.com/product/dkp-3506667,Lenovo ThinkPad L13 Yoga 13 inch laptop,"۳۰,۸۷۴,۰۰۰",312x218x17.8 میلی‌متر,1.4 کیلوگرم,Intel,Core i5,10210U,,4.2 GHz,6 مگابایت,8 گیگابایت,DDR4,256 گیگابایت,SSD,,Intel,UHD Graphics,بدون حافظه‌ی گرافیکی مجزا,13 اینچ,IPS LED-backlit LCD,Full HD| 1920 x1080,خیر,بله,
3507562,https://www.digikala.com/product/dkp-3507562,HP Pavilion - Dw0023dx 14inch laptop,"۳۱,۹۰۰,۰۰۰",325x220x20 میلی‌متر,1.4 کیلوگرم,Intel,Core i5,1035G1,,3.6 GHz,6 مگابایت,8 گیگابایت,DDR4,256 گیگابایت,SSD,,Intel,HD Graphics 620,بدون حافظه‌ی گرافیکی مجزا,14 اینچ,IPS LED-backlit LCD,Full HD| 1920 x1080,خیر,بله,
3511286,https://www.digikala.com/product/dkp-3511286,ASUS VivoBook R521MA-EJ399 - 15 inch Laptop,"۱۵,۸۵۰,۰۰۰",360x234x23 میلی‌متر,1.8 کیلوگرم,Intel,Pentium,N5000,2.2 تا 2.5 گیگاهرتز,1.1 تا 2.7 GHz,4 مگابایت,4 گیگابایت,DDR4,یک ترابایت,حافظه‌های هیبریدی,یک ترابایت HDD به همراه 128 گیگابایت SSD,Intel,Intel® Graphics,بدون حافظه‌ی گرافیکی مجزا,15.6 اینچ,178°wide-view technology,Full HD| 1920 x1080,بله,خیر,
3511615,https://www.digikala.com/product/dkp-3511615,ASUS VivoBook S532FL - A 15 inch Laptop,"۳۹,۹۵۰,۰۰۰",357x230x18 میلی‌متر,1.8 کیلوگرم,Intel,Core i7,10510U,2.8 گیگاهرتز و بیشتر,1.8 تا 4.9 GHz,8 مگابایت,16 گیگابایت,DDR4,512 گیگابایت,SSD,,NVIDIA,GeForce® MX250,2GB,15.6 اینچ,178°wide-view technology,Full HD| 1920 x1080,بله,خیر,
3514676,https://www.digikala.com/product/dkp-3514676,ASUS VIVOBOOK R521MA - NA 15 inch Laptop,"۱۳,۸۳۰,۰۰۰",360x235x22.9 میلی‌متر,1.7 کیلوگرم,Intel,Pentium,N5000,2.0 تا 2.2 گیگاهرتز,1.10 تا 2.70 GHz,4 مگابایت,4 گیگابایت,DDR4,یک ترابایت,هارد دیسک,5400RPM,Intel,UHD Graphics 620,بدون حافظه‌ی گرافیکی مجزا,15.6 اینچ,TFT LED-backlit LCD,Full HD| 1920 x1080,بله,خیر,
3514761,https://www.digikala.com/product/dkp-3514761,ASUS Zenbook Flip UX461FN - B - 14 inch Laptop,"۳۸,۲۵۰,۰۰۰",327x226x13.9 میلی‌متر,1.5 کیلوگرم,Intel,Core i5,8265U,2.8 گیگاهرتز و بیشتر,1.6 تا 3.9 GHz,6 مگابایت,8 گیگابایت,DDR3,512 گیگابایت,SSD,,NVIDIA,GeForce® MX150,2GB,14 اینچ,IPS LED-backlit LCD,Full HD| 1920 x1080,خیر,بله,
3514878,https://www.digikala.com/product/dkp-3514878,ASUS Zenbook UX434FLC-NP 14 inch Laptop,"۴۴,۶۲۰,۰۰۰",320x200x17 میلی‌متر,1.26 کیلوگرم,Intel,Core i7,10510U,2.8 گیگاهرتز و بیشتر,1.8 تا 4.9 GHz,8 مگابایت,16 گیگابایت,DDR3,یک ترابایت,SSD,PCIe G3x4 SSD,NVIDIA,Geforce MX250 GDDR5,2GB,14 اینچ,178°wide-view technology,Full HD| 1920 x1080,بله,خیر,
3515784,https://www.digikala.com/product/dkp-3515784,ASUS VivoBook S533JQ-A - 15 inch Laptop,"۳۷,۱۶۰,۰۰۰",359x233x16 میلی‌متر,1.8 کیلوگرم,Intel,Core i7,1065G7,2.8 گیگاهرتز و بیشتر,1.3 تا 3.9 GHz,8 مگابایت,16 گیگابایت,DDR4,512 گیگابایت,SSD,,NVIDIA,GeForce® MX350,2GB,15.6 اینچ,178°wide-view technology,Full HD| 1920 x1080,بله,خیر,
3516089,https://www.digikala.com/product/dkp-3516089,Lenovo ThinkBook 15-IIL - NA 15 Inch laptop,"۲۷,۹۹۹,۰۰۰",364x245x18.9 میلی‌متر,1.7 کیلوگرم,Intel,Core i5,1035G1,2.8 گیگاهرتز و بیشتر,1 تا 3.6 GHz,6 مگابایت,16 گیگابایت,DDR4,یک ترابایت,هارد دیسک,5400RPM,AMD,AMD Radeon 630,2GB,15.6 اینچ,TFT LED-backlit LCD,Full HD| 1920 x1080,بله,خیر,
3530752,https://www.digikala.com/product/dkp-3530752,ASUS VivoBook K571LH - B 15 inch Laptop,"۳۴,۵۰۰,۰۰۰",359x248x21.9 میلی‌متر,2.14 کیلوگرم,Intel,Core i5,10300U,2.8 گیگاهرتز و بیشتر,1.60 تا 4.20 GHz,12 مگابایت,12 گیگابایت,DDR4,یک ترابایت,حافظه‌های هیبریدی,1TB HDD+256GB SSD M2,NVIDIA,GeForce® GTX 1650 DDR6,4GB,15.6 اینچ,178°wide-view technology,Full HD| 1920 x1080,بله,خیر,
3530919,https://www.digikala.com/product/dkp-3530919,ASUS VivoBook R545FJ - B 15.6 inch Laptop,"۲۶,۲۰۰,۰۰۰",380x251x29 میلی‌متر,1.9 کیلوگرم,Intel,Core i5,10210U,2.8 گیگاهرتز و بیشتر,1.6 تا 4.2 GHz,6 مگابایت,12 گیگابایت,DDR4,یک ترابایت,هارد دیسک,یک ترابایت حافظه داخلی از نوع هارد دیسک HDD,NVIDIA,GEFORCE MX330,2GB,15.6 اینچ,TFT LED-backlit LCD,Full HD| 1920 x1080,بله,خیر,
3536710,https://www.digikala.com/product/dkp-3536710,Lenovo Ideapad 130 - MN - 15 inch Laptop,"۱۶,۴۰۰,۰۰۰",22x253x375 میلی‌متر,2.2 کیلوگرم,Intel,Core i3,8130U,,,,4 گیگابایت,DDR4,یک ترابایت,هارد دیسک,,NVIDIA,GFORCE MX110,2GB,15.6 اینچ,,HD|1366x768,بله,خیر,
3538954,https://www.digikala.com/product/dkp-3538954,Acer Nitro 5 AN515 - 54 - 728C 15inch laptop,"۴۹,۹۰۰,۰۰۰",363x259x19.8 میلی‌متر,2.5 کیلوگرم,Intel,Core i7,9750H,,2.6 GHz,,16 گیگابایت,DDR4,256 گیگابایت,SSD,,NVIDIA,GeForce RTX™ 2060,6GB,15.6 اینچ,IPS LED-backlit LCD,Full HD| 1920 x1080,بله,خیر,صفحه نمایش باکیفیت بدون لبه 15.6 اینچ 144 هرتزی IPS ضد انعکاس و مات
3539243,https://www.digikala.com/product/dkp-3539243,Dell Inspiron 3493 - A 14 inch Laptop,"۲۷,۴۹۰,۰۰۰",240x210x340 میلی‌متر,2 کیلوگرم,Intel,Core i3,10th Generation Intel Core i3-10510U processor,2.5 تا 2.8 گیگاهرتز,,4 مگابایت,8 گیگابایت,DDR4,یک ترابایت,هارد دیسک,قابلیت اضافه کردن SSD,Intel,Intel UHD Graphics 620,بدون حافظه‌ی گرافیکی مجزا,14 اینچ,TFT LED-backlit LCD,HD|1366x768,بله,خیر,تکنولوژی تصویری جدید دل.بسیار شفاف
3542996,https://www.digikala.com/product/dkp-3542996,Dell G3 15 3500 15 inch laptop,"۴۴,۴۹۰,۰۰۰",364x273x23 میلی‌متر,2.68 کیلوگرم,Intel,Core i5,10th Generation Intel Core i5--10300H processor NEW,2.8 گیگاهرتز و بیشتر,,8 مگابایت,16 گیگابایت,DDR4,یک ترابایت,هارد دیسک,1TB+256SSD,NVIDIA,NVIDIA GeForce GTX 1650,4GB,15.6 اینچ,IPS LED-backlit LCD,Full HD| 1920 x1080,بله,خیر,
3545013,https://www.digikala.com/product/dkp-3545013,ASUS VivoBook X540YA - MMRR - 15.6 inch Laptop,"۱۰,۲۵۰,۰۰۰",27.2x251.5x381.4 میلی‌متر,2 کیلوگرم,AMD,Carrizo,E1-6010,,,1 مگابایت,4 گیگابایت,DDR3,یک ترابایت,هارد دیسک,,AMD,Radeon R2 Graphics,512MB,15.6 اینچ,,Full HD| 1920 x1080,بله,خیر,
3545629,https://www.digikala.com/product/dkp-3545629,ASUS ROG Zephyrus S GX701LXS - 17 inch Laptop,"۱۱۸,۳۴۰,۰۰۰",399x239x18 میلی‌متر,2.6 کیلوگرم,Intel,Core i7,10750H,2.8 گیگاهرتز و بیشتر,2.6 تا 5.0 GHz,12 مگابایت,32 گیگابایت,DDR4,یک ترابایت,SSD,M2 NVMe PCIe,NVIDIA,GeForce® RTX 2080 Super,8GB,17.3 اینچ,178°wide-view technology,Full HD| 1920 x1080,بله,خیر,
3547949,https://www.digikala.com/product/dkp-3547949,ASUS VivoBook R521JB - MMJ - A - 15 inch Laptop,"۱۸,۸۵۰,۰۰۰",22.9x235x360 میلی‌متر,1.9 کیلوگرم,Intel,Core i3,1005G1,,,4 مگابایت,4 گیگابایت,DDR4,یک ترابایت,هارد دیسک,,NVIDIA,GeForce MX110,2GB,15.6 اینچ,,Full HD| 1920 x1080,بله,خیر,
3548530,https://www.digikala.com/product/dkp-3548530,ASUS VivoBook R545FB - C 15.6 inch Laptop,"۳۰,۶۰۰,۰۰۰",380x251x29 میلی‌متر,1.9 کیلوگرم,Intel,Core i7,10510U,2.8 گیگاهرتز و بیشتر,1.80 تا 4.90 GHz,8 مگابایت,12 گیگابایت,DDR4,یک ترابایت,هارد دیسک,یک ترابایت حافظه داخلی از نوع هارد دیسک HDD,NVIDIA,GEFORCE MX110,2GB,15.6 اینچ,TFT LED-backlit LCD,Full HD| 1920 x1080,بله,خیر,
3548664,https://www.digikala.com/product/dkp-3548664,ASUS VivoBook R521JP - MRRR - 15 inch Laptop,"۳۰,۹۰۰,۰۰۰",22.9x235x360 میلی‌متر,1.9 کیلوگرم,Intel,Core i7,1065G7,,,,8 گیگابایت,DDR4,یک ترابایت,هارد دیسک,,NVIDIA,GeForce MX330,2GB,15.6 اینچ,,Full HD| 1920 x1080,بله,خیر,
3549343,https://www.digikala.com/product/dkp-3549343,ASUS ROG Strix G512LI - B 15 inch Laptop,"۴۸,۶۵۰,۰۰۰",275x258x36 میلی‌متر,2.4 کیلوگرم,Intel,Core i7,10750H,2.8 گیگاهرتز و بیشتر,2.6 تا 5 GHz,12 مگابایت,32 گیگابایت,DDR4,یک ترابایت,SSD,,NVIDIA,GeForce® GTX 1650TI,4GB,15.6 اینچ,178°wide-view technology,Full HD| 1920 x1080,بله,خیر,
3549594,https://www.digikala.com/product/dkp-3549594,Lenovo ThinkPad X380 Yoga 13 inch Laptop,"۲۹,۷۰۰,۰۰۰",313x222x18 میلی‌متر,1.4 کیلوگرم,Intel,Core i5,8350U,2.8 گیگاهرتز و بیشتر,1.7 تا 3.6 GHz,6 مگابایت,8 گیگابایت,DDR4,256 گیگابایت,SSD,M.2 2280 PCIe NVMe Opal2,Intel,Integrated Intel UHD Graphics 620,بدون حافظه‌ی گرافیکی مجزا,13.3 اینچ,,Full HD| 1920 x1080,خیر,بله,WVA 300nits AR
3550205,https://www.digikala.com/product/dkp-3550205,HP 250 G7 - F - 15 inch Laptop,"۱۹,۰۹۹,۰۰۰",376x246x22.5 میلی‌متر,1.78 کیلوگرم,Intel,Core i5,8265U,تا 2.0GHz,1.6UP TO 3.9 GHz,6 مگابایت,8 گیگابایت,DDR4,256 گیگابایت,SSD,,Intel,UHD 620,بدون حافظه‌ی گرافیکی مجزا,15.6 اینچ,TFT LED-backlit LCD,Full HD| 1920 x1080,بله,خیر,
3550447,https://www.digikala.com/product/dkp-3550447,HP 250 G7 - E - 15 inch Laptop,"۱۸,۴۹۸,۰۰۰",376x246x22.5 میلی‌متر,1.78 کیلوگرم,Intel,Core i3,8130U,2.2 تا 2.5 گیگاهرتز,2.2UP TO 3.4 GHz,4 مگابایت,8 گیگابایت,DDR4,256 گیگابایت,SSD,,Intel,UHD620,بدون حافظه‌ی گرافیکی مجزا,15.6 اینچ,TFT LED-backlit LCD,Full HD| 1920 x1080,بله,خیر,
3553096,https://www.digikala.com/product/dkp-3553096,HP Spectre x360 13t-AW000-E 13 Inch Laptop,"۵۶,۶۴۰,۰۰۰",306x194x16 میلی‌متر,1.3 کیلوگرم,Intel,Core i7,1065G7,تا 2.0GHz,1.3 تا 3.9 GHz,8 مگابایت,16 گیگابایت,DDR4,یک ترابایت,SSD,PCIe® NVMe™ M.2 SSD,Intel,Intel® Iris® Plus Graphics,بدون حافظه‌ی گرافیکی مجزا,13.3 اینچ,WLED Backlit,Full HD| 1920 x1080,خیر,بله,صفحه نمایش micro-edge-to-edge به همراه روکش ضد انعکاس نور Corning Gorilla Glass  با توناژ رنگ 100% sRGB و روشنایی 400 nits
3553227,https://www.digikala.com/product/dkp-3553227,HP Spectre x360 15t EB000-B-15 inch Laptop,"۷۲,۰۹۰,۰۰۰",359x229x20 میلی‌متر,1.95 کیلوگرم,Intel,Core i7,10750H,2.5 تا 2.8 گیگاهرتز,2.6 تا 5.0 GHz,12 مگابایت,16 گیگابایت,DDR4,یک ترابایت,SSD,PCIe® NVMe™ M.2 SSD,NVIDIA,GeForce® GTX 1650 Ti with Max-Q design,4GB,15.6 اینچ,WLED Backlit,UHD|3840x2160,خیر,بله,صفحه نمایش micro-edge-to-edge به همراه روکش ضد انعکاس نور و روشنایی 400 nits
3554964,https://www.digikala.com/product/dkp-3554964,HP Pavilion X360 15t-DQ100-A - 15 inch Laptop,"۳۸,۱۰۰,۰۰۰",359x241x20 میلی‌متر,1.92 کیلوگرم,Intel,Core i7,10510U,تا 2.0GHz,1.8 تا 4.9 GHz,8 مگابایت,8 گیگابایت,DDR4,یک ترابایت,حافظه‌های هیبریدی,یک ترابایت هارد دیسک به همراه 120 گیگابایت SSD M.2,AMD,Radeon™ 535 Graphics GDDR5,2GB,15.6 اینچ,WLED Backlit,Full HD| 1920 x1080,خیر,بله,"IPS micro-edge WLED-backlit multitouch-enabled edge-to-edge glass, 250 nits, 45% NTSC"
3555351,https://www.digikala.com/product/dkp-3555351,HP OMEN 15t-EK000-A1- 15 inch Laptop,"۴۸,۹۲۰,۰۰۰",357x239x22 میلی‌متر,2.3 کیلوگرم,Intel,Core i7,10750H,2.5 تا 2.8 گیگاهرتز,2.6 تا 5.0 GHz,12 مگابایت,16 گیگابایت,DDR4,512 گیگابایت,SSD,PCIe® NVMe™ M.2 SSD,NVIDIA,GeForce® GTX 1650 Ti GDDR6,4GB,15.6 اینچ,WLED Backlit,Full HD| 1920 x1080,بله,خیر,"FHD, 60 Hz, IPS, anti-glare, micro-edge, WLED-backlit, 300 nits"
3555495,https://www.digikala.com/product/dkp-3555495,HP OMEN 15t-EK000-A6- 15 inch Laptop,"۶۳,۸۵۰,۰۰۰",357x239x22 میلی‌متر,2.3 کیلوگرم,Intel,Core i7,10750H,2.5 تا 2.8 گیگاهرتز,2.6 تا 5.0 GHz,12 مگابایت,16 گیگابایت,DDR4,512 گیگابایت,SSD,PCIe® NVMe™ M.2 SSD,NVIDIA,GeForce RTX™ 2060 GDDR6,6GB,15.6 اینچ,WLED Backlit,Full HD| 1920 x1080,بله,خیر,"FHD, 143 Hz, IPS, anti-glare, micro-edge, WLED-backlit, 300 nits"
3555508,https://www.digikala.com/product/dkp-3555508,ASUS VivoBook R521JB- F - 15 inch Laptop,"۱۹,۹۹۰,۰۰۰",360.2x234.9x22.9 میلی‌متر,1.8 کیلوگرم,Intel,Core i3,1005G1,تا 2.0GHz,1.2UP TO 3.4 GHz,4 مگابایت,8 گیگابایت,DDR4,یک ترابایت,هارد دیسک,سرعت حافظه 5400 دور در دقیقه,NVIDIA,MX110,2GB,15.6 اینچ,TFT LED-backlit LCD,Full HD| 1920 x1080,بله,خیر,
3555639,https://www.digikala.com/product/dkp-3555639,HP OMEN 15t-EK000-A7- 15 inch Laptop,"۷۷,۲۴۰,۰۰۰",357x239x22 میلی‌متر,2.3 کیلوگرم,Intel,Core i7,10750H,2.5 تا 2.8 گیگاهرتز,2.6 تا 5.0 GHz,12 مگابایت,16 گیگابایت,DDR4,512 گیگابایت,SSD,PCIe® NVMe™ M.2 SSD,NVIDIA,GeForce RTX™ 2070 with Max-Q Design GDDR6,8GB,15.6 اینچ,IPS-Type G-SYNC Panel,Full HD| 1920 x1080,بله,خیر,"FHD, 143 Hz G-Sync Support, IPS, anti-glare, micro-edge, WLED-backlit, 300 nits"
3556057,https://www.digikala.com/product/dkp-3556057,HP ZBook 17 G5 Mobile Workstation-A5- 17 Inch Laptop,"۱۳۳,۷۴۰,۰۰۰",416x288x33 میلی‌متر,3.4 کیلوگرم,Intel,Xeon,Xeon® E-2186M,2.8 گیگاهرتز و بیشتر,2.9 تا 4.8 GHz,12 مگابایت,16 گیگابایت,DDR4,یک و نیم ترابایت,حافظه‌های هیبریدی,یک ترابایت هارد دیسک به همراه 512 گیگابایت M.2 PCIe NVMe,NVIDIA,Quadro P5200 GDDR5,16GB,17.3 اینچ,IPS LED-backlit LCD,Full HD| 1920 x1080,بله,خیر,"FHD IPS eDP anti-glare LED-backlit, 300 nits"
3556667,https://www.digikala.com/product/dkp-3556667,ASUS VivoBook X543MA - MMM - 15 inch Laptop,"۱۱,۴۰۰,۰۰۰",381x251x27 میلی‌متر,1.9 کیلوگرم,Intel,Celeron,N4000,,,4 مگابایت,4 گیگابایت,DDR4,یک ترابایت,هارد دیسک,,Intel,HD GRAPHICS 500,بدون حافظه‌ی گرافیکی مجزا,15.6 اینچ,,Full HD| 1920 x1080,بله,خیر,
3556737,https://www.digikala.com/product/dkp-3556737,HP ZBook 15 G6 Mobile Workstation-A1 - 15 Inch Laptop,"۷۱,۹۴۰,۰۰۰",375x264x25 میلی‌متر,2.6 کیلوگرم,Intel,Core i7,9850H,2.5 تا 2.8 گیگاهرتز,2.6 تا 4.6 GHz,12 مگابایت,16 گیگابایت,DDR4,یک و نیم ترابایت,حافظه‌های هیبریدی,یک ترابایت هارد دیسک به همراه 512 گیگابایت SSD M.2 Nvme,NVIDIA,Quadro T1000 GDDR5,4GB,15.6 اینچ,WLED Backlit,Full HD| 1920 x1080,بله,خیر,صفحه نمایش 60 هرتز ضد انعکاس نور WLED-backlit با میزان روشنایی 220 nits
3557900,https://www.digikala.com/product/dkp-3557900,Lenovo ideapad L340 - MA - i5 inch laptop,"۱۷,۴۰۰,۰۰۰",363x254.6x22.9 میلی‌متر,2.2 کیلوگرم,AMD,ATHLON,300U,2.2 تا 2.5 گیگاهرتز,2.4UP TO 3.3 GHz,4 مگابایت,8 گیگابایت,DDR4,یک ترابایت,هارد دیسک,سرعت حافظه 5400 دور در دقیقه,AMD,VEGA 3,بدون حافظه‌ی گرافیکی مجزا,15.6 اینچ,TFT LED-backlit LCD,HD|1366x768,بله,خیر,
3557938,https://www.digikala.com/product/dkp-3557938,HP Pavilion X360 15t-DQ100-B - 15 inch Laptop,"۳۹,۱۳۰,۰۰۰",359x241x20 میلی‌متر,1.92 کیلوگرم,Intel,Core i7,10510U,تا 2.0GHz,1.8 تا 4.9 GHz,8 مگابایت,16 گیگابایت,DDR4,یک ترابایت,حافظه‌های هیبریدی,یک ترابایت هارد دیسک به همراه 120 گیگابایت SSD M.2,AMD,Radeon™ 535 Graphics GDDR5,2GB,15.6 اینچ,WLED Backlit,Full HD| 1920 x1080,خیر,بله,"IPS micro-edge WLED-backlit multitouch-enabled edge-to-edge glass, 250 nits, 45% NTSC"
3557946,https://www.digikala.com/product/dkp-3557946,ASUS VivoBook R521JB - NAB - 15 inch Laptop,"۲۰,۰۱۰,۰۰۰",360x235x22.9 میلی‌متر,1.7 کیلوگرم,Intel,Core i3,1005G1,2.8 گیگاهرتز و بیشتر,1.2 تا 3.4 GHz,4 مگابایت,8 گیگابایت,DDR4,یک ترابایت,هارد دیسک,5400RPM,NVIDIA,GeForce® MX110,2GB,15.6 اینچ,178°wide-view technology,Full HD| 1920 x1080,بله,خیر,
3557964,https://www.digikala.com/product/dkp-3557964,HP Pavilion X360 15t-DQ100-C - 15 inch Laptop,"۴۰,۱۶۰,۰۰۰",359x241x20 میلی‌متر,1.92 کیلوگرم,Intel,Core i7,10510U,تا 2.0GHz,1.8 تا 4.9 GHz,8 مگابایت,16 گیگابایت,DDR4,یک ترابایت,حافظه‌های هیبریدی,یک ترابایت هارد دیسک به همراه 250 گیگابایت SSD M.2,AMD,Radeon™ 535 Graphics GDDR5,2GB,15.6 اینچ,WLED Backlit,Full HD| 1920 x1080,خیر,بله,"IPS micro-edge WLED-backlit multitouch-enabled edge-to-edge glass, 250 nits, 45% NTSC"
3557999,https://www.digikala.com/product/dkp-3557999,HP Pavilion X360 15t-DQ100-D - 15 inch Laptop,"۴۱,۱۹۰,۰۰۰",359x241x20 میلی‌متر,1.92 کیلوگرم,Intel,Core i7,10510U,تا 2.0GHz,1.8 تا 4.9 GHz,8 مگابایت,16 گیگابایت,DDR4,یک و نیم ترابایت,حافظه‌های هیبریدی,یک ترابایت هارد دیسک به همراه 500 گیگابایت SSD M.2,AMD,Radeon™ 535 Graphics GDDR5,2GB,15.6 اینچ,WLED Backlit,Full HD| 1920 x1080,خیر,بله,"IPS micro-edge WLED-backlit multitouch-enabled edge-to-edge glass, 250 nits, 45% NTSC"
3558109,https://www.digikala.com/product/dkp-3558109,HP OMEN 15t-EK000-B1 15 inch Laptop,"۵۰,۹۸۰,۰۰۰",357x239x22 میلی‌متر,2.3 کیلوگرم,Intel,Core i7,10750H,2.5 تا 2.8 گیگاهرتز,2.6 تا 5.0 GHz,12 مگابایت,32 گیگابایت,DDR4,512 گیگابایت,SSD,PCIe® NVMe™ M.2 SSD,NVIDIA,GeForce® GTX 1650 Ti GDDR6,4GB,15.6 اینچ,WLED Backlit,Full HD| 1920 x1080,بله,خیر,"FHD, 60 Hz, IPS, anti-glare, micro-edge, WLED-backlit, 300 nits"
3558136,https://www.digikala.com/product/dkp-3558136,Lenovo Ideapad V130 - AX - 15 inch Laptop,"۱۵,۰۰۰,۰۰۰",375x253x22.3 میلی‌متر,2.05 کیلوگرم,Intel,Core i3,8130U,2.2 تا 2.5 گیگاهرتز,2.2UP TO 3.4 GHz,4 مگابایت,4 گیگابایت,DDR4,یک ترابایت,هارد دیسک,سرعت حافظه 5400 دور در دقیقه,Intel,UHD 620,بدون حافظه‌ی گرافیکی مجزا,15.6 اینچ,TFT LED-backlit LCD,HD|1366x768,بله,خیر,
3558148,https://www.digikala.com/product/dkp-3558148,HP OMEN 15t-EK000-C1 15 inch Laptop,"۵۱,۴۹۰,۰۰۰",357x239x22 میلی‌متر,2.3 کیلوگرم,Intel,Core i7,10750H,2.5 تا 2.8 گیگاهرتز,2.6 تا 5.0 GHz,12 مگابایت,16 گیگابایت,DDR4,یک ترابایت,SSD,متشکل از 2 عدد PCIe® NVMe™ M.2 SSD 512 گیگابایت,NVIDIA,GeForce® GTX 1650 Ti GDDR6,4GB,15.6 اینچ,WLED Backlit,Full HD| 1920 x1080,بله,خیر,"FHD, 60 Hz, IPS, anti-glare, micro-edge, WLED-backlit, 300 nits"
3558171,https://www.digikala.com/product/dkp-3558171,HP OMEN 15t-EK000-D1- 15 inch Laptop,"۵۳,۵۵۰,۰۰۰",357x239x22 میلی‌متر,2.3 کیلوگرم,Intel,Core i7,10750H,2.5 تا 2.8 گیگاهرتز,2.6 تا 5.0 GHz,12 مگابایت,32 گیگابایت,DDR4,یک ترابایت,SSD,متشکل از 2 عدد PCIe® NVMe™ M.2 SSD 512 گیگابایت,NVIDIA,GeForce® GTX 1650 Ti GDDR6,4GB,15.6 اینچ,WLED Backlit,Full HD| 1920 x1080,بله,خیر,"FHD, 60 Hz, IPS, anti-glare, micro-edge, WLED-backlit, 300 nits"
3560176,https://www.digikala.com/product/dkp-3560176,HP OMEN 15t-EK000-B6- 15 inch Laptop,"۶۵,۹۱۰,۰۰۰",357x239x22 میلی‌متر,2.3 کیلوگرم,Intel,Core i7,10750H,2.5 تا 2.8 گیگاهرتز,2.6 تا 5.0 GHz,12 مگابایت,32 گیگابایت,DDR4,512 گیگابایت,SSD,PCIe® NVMe™ M.2 SSD,NVIDIA,GeForce RTX™ 2060 GDDR6,6GB,15.6 اینچ,WLED Backlit,Full HD| 1920 x1080,بله,خیر,"FHD, 143 Hz, IPS, anti-glare, micro-edge, WLED-backlit, 300 nits"
3560184,https://www.digikala.com/product/dkp-3560184,Lenovo Ideapad V130 - HMM - 15 inch Laptop,"۱۷,۳۰۰,۰۰۰",375x253x22.3 میلی‌متر,2.05 کیلوگرم,Intel,Core i3,8130U,2.2 تا 2.5 گیگاهرتز,2.2UP TO 3.4 GHz,4 مگابایت,8 گیگابایت,DDR4,یک ترابایت,هارد دیسک,سرعت حافظه 5400 دور در دقیقه,AMD,M430,2GB,15.6 اینچ,TFT LED-backlit LCD,HD|1366x768,بله,خیر,
3560363,https://www.digikala.com/product/dkp-3560363,Acer Nitro 5 an515-54-728C 15 inch Laptop,"۴۴,۵۰۰,۰۰۰",363x254x30 میلی‌متر,2.5 کیلوگرم,Intel,Core i7,core i7-9750h,2.5 تا 2.8 گیگاهرتز,,12 مگابایت,16 گیگابایت,DDR4,256 گیگابایت,SSD,,NVIDIA,RTX 2060,6GB,15.6 اینچ,IPS LED-backlit LCD,Full HD| 1920 x1080,بله,خیر,
3560381,https://www.digikala.com/product/dkp-3560381,HP OMEN 15t-EK000-C6- 15 inch Laptop,"۶۶,۹۴۰,۰۰۰",357x239x22 میلی‌متر,2.3 کیلوگرم,Intel,Core i7,10750H,2.5 تا 2.8 گیگاهرتز,2.6 تا 5.0 GHz,12 مگابایت,16 گیگابایت,DDR4,یک ترابایت,SSD,متشکل از دو عدد PCIe® NVMe™ M.2 SSD به ظرفیت 500گیگابایت,NVIDIA,GeForce RTX™ 2060 GDDR6,6GB,15.6 اینچ,WLED Backlit,Full HD| 1920 x1080,بله,خیر,"FHD, 143 Hz, IPS, anti-glare, micro-edge, WLED-backlit, 300 nits"
3560435,https://www.digikala.com/product/dkp-3560435,HP OMEN 15t-EK000-D6- 15 inch Laptop,"۶۹,۰۰۰,۰۰۰",357x239x22 میلی‌متر,2.3 کیلوگرم,Intel,Core i7,10750H,2.5 تا 2.8 گیگاهرتز,2.6 تا 5.0 GHz,12 مگابایت,32 گیگابایت,DDR4,یک ترابایت,SSD,متشکل از دو عدد PCIe® NVMe™ M.2 SSD به ظرفیت 500گیگابایت,NVIDIA,GeForce RTX™ 2060 GDDR6,6GB,15.6 اینچ,WLED Backlit,Full HD| 1920 x1080,بله,خیر,"FHD, 143 Hz, IPS, anti-glare, micro-edge, WLED-backlit, 300 nits"
3560519,https://www.digikala.com/product/dkp-3560519,HP OMEN 15t-EK000-B7- 15 inch Laptop,"۷۹,۳۰۰,۰۰۰",357x239x22 میلی‌متر,2.3 کیلوگرم,Intel,Core i7,10750H,2.5 تا 2.8 گیگاهرتز,2.6 تا 5.0 GHz,12 مگابایت,32 گیگابایت,DDR4,512 گیگابایت,SSD,PCIe® NVMe™ M.2 SSD,NVIDIA,GeForce RTX™ 2070 with Max-Q Design GDDR6,8GB,15.6 اینچ,IPS-Type G-SYNC Panel,Full HD| 1920 x1080,بله,خیر,"FHD, 143 Hz G-Sync Support, IPS, anti-glare, micro-edge, WLED-backlit, 300 nits"
3560599,https://www.digikala.com/product/dkp-3560599,HP OMEN 15t-EK000-C7- 15 inch Laptop,"۸۰,۳۳۰,۰۰۰",357x239x22 میلی‌متر,2.3 کیلوگرم,Intel,Core i7,10750H,2.5 تا 2.8 گیگاهرتز,2.6 تا 5.0 GHz,12 مگابایت,16 گیگابایت,DDR4,یک ترابایت,SSD,متشکل از دو عدد PCIe® NVMe™ M.2 SSD به ظرفیت 500 گیگابایت,NVIDIA,GeForce RTX™ 2070 with Max-Q Design GDDR6,8GB,15.6 اینچ,IPS-Type G-SYNC Panel,Full HD| 1920 x1080,بله,خیر,"FHD, 143 Hz G-Sync Support, IPS, anti-glare, micro-edge, WLED-backlit, 300 nits"
3560628,https://www.digikala.com/product/dkp-3560628,HP OMEN 15t-EK000-D7- 15 inch Laptop,"۸۲,۳۹۰,۰۰۰",357x239x22 میلی‌متر,2.3 کیلوگرم,Intel,Core i7,10750H,2.2 تا 2.5 گیگاهرتز,2.6 تا 5.0 GHz,12 مگابایت,32 گیگابایت,DDR4,یک ترابایت,SSD,متشکل از دو عدد PCIe® NVMe™ M.2 SSD به ظرفیت 500 گیگابایت,NVIDIA,GeForce RTX™ 2070 with Max-Q Design GDDR6,8GB,15.6 اینچ,IPS-Type G-SYNC Panel,Full HD| 1920 x1080,بله,خیر,"FHD, 143 Hz G-Sync Support, IPS, anti-glare, micro-edge, WLED-backlit, 300 nits"
3561096,https://www.digikala.com/product/dkp-3561096,HP ZBook 17 G5 Mobile Workstation-B5 - 17 Inch Laptop,"۱۳۸,۸۹۰,۰۰۰",416x288x33 میلی‌متر,3.4 کیلوگرم,Intel,Xeon,Xeon® E-2186M,2.8 گیگاهرتز و بیشتر,2.9 تا 4.8 GHz,12 مگابایت,32 گیگابایت,DDR4,یک و نیم ترابایت,حافظه‌های هیبریدی,یک ترابایت هارد دیسک به همراه 512 گیگابایت M.2 PCIe NVMe,NVIDIA,Quadro P5200 GDDR5,16GB,17.3 اینچ,WLED Backlit,Full HD| 1920 x1080,بله,خیر,"FHD IPS eDP anti-glare LED-backlit, 300 nits"
3561140,https://www.digikala.com/product/dkp-3561140,HP ZBook 17 G5 Mobile Workstation-C5 - 17 Inch Laptop,"۱۴۴,۰۴۰,۰۰۰",416x288x33 میلی‌متر,3.4 کیلوگرم,Intel,Xeon,Xeon® E-2186M,2.8 گیگاهرتز و بیشتر,2.9 تا 4.8 GHz,12 مگابایت,64 گیگابایت,DDR4,یک و نیم ترابایت,حافظه‌های هیبریدی,یک ترابایت هارد دیسک به همراه 512 گیگابایت M.2 PCIe NVMe,NVIDIA,Quadro P5200 GDDR5,16GB,17.3 اینچ,WLED Backlit,Full HD| 1920 x1080,بله,خیر,"FHD IPS eDP anti-glare LED-backlit, 300 nits"
3561183,https://www.digikala.com/product/dkp-3561183,HP ZBook 15 G6 Mobile Workstation-B1 - 15 Inch Laptop,"۷۵,۰۳۰,۰۰۰",375x264x25 میلی‌متر,2.6 کیلوگرم,Intel,Core i7,9850H,2.5 تا 2.8 گیگاهرتز,2.6 تا 4.6 GHz,12 مگابایت,32 گیگابایت,DDR4,یک و نیم ترابایت,حافظه‌های هیبریدی,یک ترابایت هارد دیسک به همراه 512 گیگابایت SSD M.2 Nvme,NVIDIA,Quadro T1000 GDDR5,4GB,15.6 اینچ,WLED Backlit,Full HD| 1920 x1080,بله,خیر,صفحه نمایش 60 هرتز ضد انعکاس نور WLED-backlit با میزان روشنایی 220 nits
3561205,https://www.digikala.com/product/dkp-3561205,HP ZBook 15 G6 Mobile Workstation-C1 - 15 Inch Laptop,"۸۰,۱۸۰,۰۰۰",375x264x25 میلی‌متر,2.6 کیلوگرم,Intel,Core i7,9850H,2.5 تا 2.8 گیگاهرتز,2.6 تا 4.6 GHz,12 مگابایت,64 گیگابایت,DDR4,یک و نیم ترابایت,حافظه‌های هیبریدی,یک ترابایت هارد دیسک به همراه 512 گیگابایت SSD M.2 Nvme,NVIDIA,Quadro T1000 GDDR5,4GB,15.6 اینچ,WLED Backlit,Full HD| 1920 x1080,بله,خیر,صفحه نمایش 60 هرتز ضد انعکاس نور WLED-backlit با میزان روشنایی 220 nits
3561267,https://www.digikala.com/product/dkp-3561267,HP ZBook 15 G6 Mobile Workstation-A2-15 Inch Laptop,"۸۰,۱۸۰,۰۰۰",55x7x30 میلی‌متر,4000 کیلوگرم,Intel,Core i7,9850H,2.5 تا 2.8 گیگاهرتز,2.6 تا 4.6 GHz,12 مگابایت,32 گیگابایت,DDR4,یک ترابایت,SSD,SSD M.2 Nvme,NVIDIA,Quadro T2000 GDDR5,4GB,15.6 اینچ,WLED Backlit,Full HD| 1920 x1080,بله,خیر,صفحه نمایش 60 هرتز ضد انعکاس نور WLED-backlit با میزان روشنایی 220 nits
3561300,https://www.digikala.com/product/dkp-3561300,HP ZBook 15 G6 Mobile Workstation-B2-15 Inch Laptop,"۸۵,۳۳۰,۰۰۰",375x264x25 میلی‌متر,2.6 کیلوگرم,Intel,Core i7,9850H,2.5 تا 2.8 گیگاهرتز,2.6 تا 4.6 GHz,12 مگابایت,64 گیگابایت,DDR4,یک ترابایت,SSD,SSD M.2 Nvme,NVIDIA,Quadro T2000 GDDR5,4GB,15.6 اینچ,WLED Backlit,Full HD| 1920 x1080,بله,خیر,صفحه نمایش 60 هرتز ضد انعکاس نور WLED-backlit با میزان روشنایی 220 nits
3561347,https://www.digikala.com/product/dkp-3561347,HP ZBook 15 G6 Mobile Workstation-A3-15 Inch Laptop,"۸۰,۱۸۰,۰۰۰",375x264x25 میلی‌متر,2.8 کیلوگرم,Intel,Core i7,9850H,2.5 تا 2.8 گیگاهرتز,2.6 تا 4.6 GHz,12 مگابایت,32 گیگابایت,DDR4,یک و نیم ترابایت,حافظه‌های هیبریدی,یک ترابایت هارد دیسک به همراه 512 گیگابایت SSD M.2 Nvme,NVIDIA,Quadro T2000 GDDR5,4GB,15.6 اینچ,WLED Backlit,Full HD| 1920 x1080,خیر,بله,صفحه نمایش 60 هرتز لمسی WLED-backlit با میزان روشنایی 220 nits
3561382,https://www.digikala.com/product/dkp-3561382,HP ZBook 15 G6 Mobile Workstation-B3-15 Inch Laptop,"۸۵,۳۳۰,۰۰۰",375x264x25 میلی‌متر,2.8 کیلوگرم,Intel,Core i7,9850H,2.5 تا 2.8 گیگاهرتز,2.6 تا 4.6 GHz,12 مگابایت,64 گیگابایت,DDR4,یک و نیم ترابایت,حافظه‌های هیبریدی,یک ترابایت هارد دیسک به همراه 512 گیگابایت SSD M.2 Nvme,NVIDIA,Quadro T2000 GDDR5,4GB,15.6 اینچ,WLED Backlit,Full HD| 1920 x1080,خیر,بله,صفحه نمایش 60 هرتز لمسی WLED-backlit با میزان روشنایی 220 nits
3562375,https://www.digikala.com/product/dkp-3562375,ASUS VivoBook X543MA - DM624- 15 inch Laptop,"۱۱,۴۰۰,۰۰۰",380x232x27 میلی‌متر,1.9 کیلوگرم,Intel,Celeron,N4000,تا 2.0GHz,,4 مگابایت,4 گیگابایت,DDR4,یک ترابایت,هارد دیسک,,Intel,HD Graphics 500,بدون حافظه‌ی گرافیکی مجزا,15.6 اینچ,,Full HD| 1920 x1080,بله,خیر,
3574399,https://www.digikala.com/product/dkp-3574399,Apple MacBook Pro MXK32 2020 - 13 inch Laptop With STM USB-C Adapter,"۵۱,۴۹۹,۰۰۰",304.1x212.4x15.6 میلی‌متر,1.4 کیلوگرم,Intel,Core i5,quad-core 8th Generation (8257U),تا 2.0GHz,1.4 تا 3.9 GHz GHz,6 مگابایت,8 گیگابایت,DDR4,256 گیگابایت,SSD,PCIe SSD,Intel,Intel Iris Plus 645,بدون حافظه‌ی گرافیکی مجزا,13.3 اینچ,IPS LED-backlit LCD,QHD|2560x1600,خیر,خیر,نسبت تصویر 16:9 و 227 پیکسل در هر اینچ
3576508,https://www.digikala.com/product/dkp-3576508,Lenovo Ideapad 330 - ADK 15 inch Laptop,"۲۶,۵۰۰,۰۰۰",375.6x253.4x22.7 میلی‌متر,21 کیلوگرم,Intel,Core i7,8550U,تا 2.0GHz,1.8UP TO 4.0 GHz,8 مگابایت,12 گیگابایت,DDR4,یک ترابایت,هارد دیسک,سرعت حافظه 5400 دور در دقیقه,NVIDIA,MX150,4GB,15.6 اینچ,TFT LED-backlit LCD,Full HD| 1920 x1080,بله,خیر,
3576690,https://www.digikala.com/product/dkp-3576690,Lenovo Ideapad130 - J - 15 Inch Laptop,"۱۸,۰۸۸,۰۰۰",375.6x253.4x22.7 میلی‌متر,2.1 کیلوگرم,Intel,Core i3,8130U,2.2 تا 2.5 گیگاهرتز,2.2UP TO 3.4 GHz,4 مگابایت,8 گیگابایت,DDR4,یک ترابایت,هارد دیسک,سرعت حافظه 5400 دور در دقیقه,NVIDIA,MX110,2GB,15.6 اینچ,TFT LED-backlit LCD,HD|1366x768,بله,خیر,
3576805,https://www.digikala.com/product/dkp-3576805,Lenovo Ideapad L3 - B 15 inch laptop,"۱۸,۷۰۰,۰۰۰",363x254.6x22.9 میلی‌متر,2.2 کیلوگرم,Intel,Core i3,10110U,2.0 تا 2.2 گیگاهرتز,2.1UP TO 4.1 GHz,4 مگابایت,4 گیگابایت,DDR4,یک ترابایت,هارد دیسک,سرعت حافظه 5400 دور در دقیقه,NVIDIA,MX130,2GB,15.6 اینچ,TFT LED-backlit LCD,HD|1366x768,بله,خیر,
3576929,https://www.digikala.com/product/dkp-3576929,Lenovo ideapad L3 - BB 15 inch laptop,"۱۹,۴۰۰,۰۰۰",363x254.6x22.9 میلی‌متر,2.2 کیلوگرم,Intel,Core i3,10110U,2.0 تا 2.2 گیگاهرتز,2.1UP TO 4.1 GHz,4 مگابایت,8 گیگابایت,DDR4,یک ترابایت,هارد دیسک,سرعت حافظه 5400 دور در دقیقه,NVIDIA,MX130,2GB,15.6 اینچ,TFT LED-backlit LCD,HD|1366x768,بله,خیر,
3577499,https://www.digikala.com/product/dkp-3577499,Lenovo ideapad L3 - BC 15 inch laptop,"۲۰,۶۰۰,۰۰۰",363x254.6x22.9 میلی‌متر,2.2 کیلوگرم,Intel,Core i3,10110U,2.0 تا 2.2 گیگاهرتز,2.1UP TO 4.1 GHz,4 مگابایت,8 گیگابایت,DDR4,یک ترابایت,حافظه‌های هیبریدی,به همراه 128GB حافظه SSD,NVIDIA,MX130,2GB,15.6 اینچ,TFT LED-backlit LCD,HD|1366x768,بله,خیر,
3577662,https://www.digikala.com/product/dkp-3577662,Lenovo ideapad L3 - BD - i5 inch laptop,"۲۱,۶۰۰,۰۰۰",363x254.6x22.9 میلی‌متر,2.2 کیلوگرم,Intel,Core i3,10110U,2.0 تا 2.2 گیگاهرتز,2.1UP TO 4.1 GHz,4 مگابایت,8 گیگابایت,DDR4,یک ترابایت,حافظه‌های هیبریدی,به همراه 256GB حافظه SSD,NVIDIA,MX130,2GB,15.6 اینچ,TFT LED-backlit LCD,HD|1366x768,بله,خیر,
3578465,https://www.digikala.com/product/dkp-3578465,Acer Nitro 5 AN515 - 54 - 728CA 15inch laptop,"۴۹,۹۰۰,۰۰۰",363x259x19.8 میلی‌متر,2.5 کیلوگرم,Intel,Core i7,9750H,,2.6 GHz,,16 گیگابایت,DDR4,یک ترابایت,SSD,,NVIDIA,GeForce RTX™ 2060,6GB,15.6 اینچ,IPS LED-backlit LCD,Full HD| 1920 x1080,بله,خیر,144هرتز
3579693,https://www.digikala.com/product/dkp-3579693,Lenovo Ideapad S540 - A - 15 inch Laptop,"۲۸,۹۹۰,۰۰۰",358x245x16.95 میلی‌متر,1.8 کیلوگرم,Intel,Core i5,8265U,تا 2.0GHz,1.6UP TO 3.9 GHz,6 مگابایت,8 گیگابایت,DDR4,یک ترابایت,حافظه‌های هیبریدی,به همراه 128GB حافظه SSD,NVIDIA,GTX1650 MAX-Q Design,4GB,15.6 اینچ,IPS LED-backlit LCD,Full HD| 1920 x1080,بله,خیر,
3579826,https://www.digikala.com/product/dkp-3579826,Lenovo IdeaPad Gaming 3 - D 15 inch Laptop,"۴۴,۵۰۰,۰۰۰",359x249.6x24.9 میلی‌متر,2.2 کیلوگرم,Intel,Core i7,10750H,2.5 تا 2.8 گیگاهرتز,2.6UP TO 5.0 GHz,12 مگابایت,16 گیگابایت,DDR4,یک ترابایت,حافظه‌های هیبریدی,به همراه 512GB حافظه SSD,NVIDIA,GTX1650,4GB,15.6 اینچ,IPS LED-backlit LCD,Full HD| 1920 x1080,بله,خیر,
3585391,https://www.digikala.com/product/dkp-3585391,Acer Aspire A715-15 Inch Laptop,"۳۷,۹۰۰,۰۰۰",360x241x18 میلی‌متر,2.35 کیلوگرم,Intel,Core i7,9750H,2.8 گیگاهرتز و بیشتر,2.6 GHz,12 مگابایت,8 گیگابایت,DDR4,یک ترابایت,حافظه‌های هیبریدی,به همراه 256 گیگابایت حافظه SSD,NVIDIA,1650,4GB,15.6 اینچ,IPS LED-backlit LCD,Full HD| 1920 x1080,بله,خیر,
3585871,https://www.digikala.com/product/dkp-3585871,ASUS VivoBook R545FB - F 15.6 inch Laptop,"۲۸,۲۸۱,۰۰۰",380x251x29 میلی‌متر,1.9 کیلوگرم,Intel,Core i7,10510U,2.8 گیگاهرتز و بیشتر,1.80 تا 4.90 GHz,8 مگابایت,8 گیگابایت,DDR4,یک ترابایت,هارد دیسک,یک ترابایت حافظه داخلی از نوع هارد دیسک HDD,NVIDIA,GEFORCE MX110,2GB,15.6 اینچ,TFT LED-backlit LCD,Full HD| 1920 x1080,بله,خیر,
3586861,https://www.digikala.com/product/dkp-3586861,Lenovo Ideapad 130 - CM 15 inch Laptop,"۱۶,۸۰۰,۰۰۰",375.6x253.4x22.7 میلی‌متر,2.1 کیلوگرم,Intel,Core i3,8130U,2.2 تا 2.5 گیگاهرتز,2.2UP TO 3.4 GHz,4 مگابایت,8 گیگابایت,DDR4,یک ترابایت,هارد دیسک,سرعت حافظه 5400 دور در دقیقه,Intel,UHD 620,بدون حافظه‌ی گرافیکی مجزا,15.6 اینچ,TFT LED-backlit LCD,HD|1366x768,بله,خیر,
3587135,https://www.digikala.com/product/dkp-3587135,Lenovo Ideapad 130 - JQ - 15 inch Laptop,"۱۶,۹۹۰,۰۰۰",375.6x253.4x22.7 میلی‌متر,2.1 کیلوگرم,Intel,Core i3,8130U,2.2 تا 2.5 گیگاهرتز,2.2UP TO 3.4 GHz,4 مگابایت,4 گیگابایت,DDR4,یک ترابایت,هارد دیسک,سرعت حافظه 5400 دور در دقیقه,NVIDIA,MX110,2GB,15.6 اینچ,TFT LED-backlit LCD,HD|1366x768,بله,خیر,
3587229,https://www.digikala.com/product/dkp-3587229,Lenovo Ideapad130 - JC - 15 Inch Laptop,"۱۸,۲۰۰,۰۰۰",375.6x253.4x22.7 میلی‌متر,2.1 کیلوگرم,Intel,Core i3,8130U,2.2 تا 2.5 گیگاهرتز,2.2UP TO 3.4 GHz,4 مگابایت,8 گیگابایت,DDR4,128 گیگابایت,SSD,,NVIDIA,MX110,2GB,15.6 اینچ,TFT LED-backlit LCD,HD|1366x768,بله,خیر,
3587345,https://www.digikala.com/product/dkp-3587345,Lenovo Ideapad130 - JE - 15 Inch Laptop,"۱۸,۶۰۰,۰۰۰",375.6x253.4x22.7 میلی‌متر,2.1 کیلوگرم,Intel,Core i3,8130U,2.2 تا 2.5 گیگاهرتز,2.2UP TO 3.4 GHz,4 مگابایت,12 گیگابایت,DDR4,یک ترابایت,هارد دیسک,سرعت حافظه 5400 دور در دقیقه,NVIDIA,MX110,2GB,15.6 اینچ,TFT LED-backlit LCD,HD|1366x768,بله,خیر,
3591530,https://www.digikala.com/product/dkp-3591530,Apple MacBook Pro MXK62 2020 - 13 inch Laptop With Touch Bar,"۵۱,۴۹۹,۰۰۰",304.1x212.4x15.6 میلی‌متر,1.4 کیلوگرم,Intel,Core i5,quad-core 8th Generation (8257U),تا 2.0GHz,1.4 تا 3.9 GHz,6 مگابایت,8 گیگابایت,DDR3,256 گیگابایت,SSD,PCIe SSD,Intel,Intel Iris Plus 645,بدون حافظه‌ی گرافیکی مجزا,13.3 اینچ,IPS LED-backlit LCD,QHD|2560x1600,خیر,خیر,نسبت تصویر 16:9 و 227 پیکسل در هر اینچ
3591682,https://www.digikala.com/product/dkp-3591682,Apple MacBook Pro MXK52 2020 - 13 inch Laptop With Touch Bar,"۵۶,۹۹۹,۰۰۰",304.1x212.4x15.6 میلی‌متر,1.4 کیلوگرم,Intel,Core i5,quad-core 8th Generation (8257U),تا 2.0GHz,1.4 تا 3.9 GHz,6 مگابایت,8 گیگابایت,DDR3,512 گیگابایت,SSD,PCIe SSD,Intel,Intel Iris Plus 645,بدون حافظه‌ی گرافیکی مجزا,13.3 اینچ,IPS LED-backlit LCD,QHD|2560x1600,خیر,خیر,نسبت تصویر 16:9 و 227 پیکسل در هر اینچ
3591769,https://www.digikala.com/product/dkp-3591769,Apple MacBook Pro MXK72 2020 - 13 inch Laptop With Touch Bar,"۵۶,۹۹۹,۰۰۰",304.1x212.4x15.6 میلی‌متر,1.4 کیلوگرم,Intel,Core i5,quad-core 8th Generation (8257U),تا 2.0GHz,1.4 تا 3.9 GHz,6 مگابایت,8 گیگابایت,DDR3,256 گیگابایت,SSD,PCIe SSD,Intel,Intel Iris Plus 645,بدون حافظه‌ی گرافیکی مجزا,13.3 اینچ,IPS LED-backlit LCD,QHD|2560x1600,خیر,خیر,نسبت تصویر 16:9 و 227 پیکسل در هر اینچ
3592118,https://www.digikala.com/product/dkp-3592118,Apple MacBook Pro MWP42 2020 - 13 inch Laptop With Touch Bar,"۶۴,۴۹۹,۰۰۰",304.1x212.4x15.6 میلی‌متر,1.4 کیلوگرم,Intel,Core i5,quad-core 10th Generation (1038NG7),2.0 تا 2.2 گیگاهرتز,2.0 تا 3.8 GHz,6 مگابایت,8 گیگابایت,DDR4,512 گیگابایت,SSD,PCIe SSD,Intel,Intel Iris Plus,512MB,13.3 اینچ,IPS LED-backlit LCD,QHD|2560x1600,خیر,خیر,نسبت تصویر 16:9 و 227 پیکسل در هر اینچ
3592197,https://www.digikala.com/product/dkp-3592197,Apple MacBook Pro MWP72 2020 - 13 inch Laptop With Touch Bar,"۶۴,۴۹۹,۰۰۰",304.1x212.4x15.6 میلی‌متر,1.4 کیلوگرم,Intel,Core i5,quad-core 10th Generation (1038NG7),2.0 تا 2.2 گیگاهرتز,2.0 تا 3.8 GHz,6 مگابایت,8 گیگابایت,DDR4,512 گیگابایت,SSD,PCIe SSD,Intel,Intel Iris Plus,بدون حافظه‌ی گرافیکی مجزا,13.3 اینچ,IPS LED-backlit LCD,QHD|2560x1600,خیر,خیر,نسبت تصویر 16:9 و 227 پیکسل در هر اینچ
3592270,https://www.digikala.com/product/dkp-3592270,Apple MacBook Pro MWP52 2020 - 13 inch Laptop With Touch Bar,"۶۶,۴۹۹,۰۰۰",304.1x212.4x15.6 میلی‌متر,1.4 کیلوگرم,Intel,Core i5,quad-core 10th Generation (1038NG7),2.0 تا 2.2 گیگاهرتز,2.0 تا 3.8 GHz,6 مگابایت,8 گیگابایت,DDR4,یک ترابایت,SSD,PCIe SSD,Intel,Intel Iris Plus,بدون حافظه‌ی گرافیکی مجزا,13.3 اینچ,IPS LED-backlit LCD,QHD|2560x1600,خیر,خیر,نسبت تصویر 16:9 و 227 پیکسل در هر اینچ
3592381,https://www.digikala.com/product/dkp-3592381,Apple MacBook Pro MWP82 2020 - 13 inch Laptop With Touch Bar,"۶۶,۴۹۹,۰۰۰",304.1x212.4x15.6 میلی‌متر,1.4 کیلوگرم,Intel,Core i5,quad-core 10th Generation (1038NG7),2.0 تا 2.2 گیگاهرتز,2.0 تا 3.8 GHz,6 مگابایت,8 گیگابایت,DDR4,یک ترابایت,SSD,PCIe SSD,Intel,Intel Iris Plus,بدون حافظه‌ی گرافیکی مجزا,13.3 اینچ,IPS LED-backlit LCD,QHD|2560x1600,خیر,خیر,نسبت تصویر 16:9 و 227 پیکسل در هر اینچ
3595009,https://www.digikala.com/product/dkp-3595009,Apple MacBook Air MWTJ2 2020 - 13 inch Laptop,"۳۷,۴۹۹,۰۰۰",304.1x212.4x16.1 میلی‌متر,1.29 کیلوگرم,Intel,Core i3,dual-core 10th Generation (1000NG4),تا 2.0GHz,1.1 تا 3.2 GHz,4 مگابایت,8 گیگابایت,DDR4,256 گیگابایت,SSD,PCIe SSD,Intel,Intel Iris Plus,بدون حافظه‌ی گرافیکی مجزا,13.3 اینچ,IPS LED-backlit LCD,QHD|2560x1600,خیر,خیر,نسبت تصویر 16 به 10
3595464,https://www.digikala.com/product/dkp-3595464,Apple MacBook Air MWTK2 2020 - 13 inch,"۳۷,۴۹۹,۰۰۰",304.1x212.4x16.1 میلی‌متر,1.29 کیلوگرم,Intel,Core i3,dual-core 10th Generation (1000NG4),تا 2.0GHz,1.1 تا 3.2 GHz,4 مگابایت,8 گیگابایت,DDR4,256 گیگابایت,SSD,PCIe SSD,Intel,Intel Iris Plus,بدون حافظه‌ی گرافیکی مجزا,13.3 اینچ,IPS LED-backlit LCD,QHD|2560x1600,خیر,خیر,نسبت تصویر 16 به 10
3597660,https://www.digikala.com/product/dkp-3597660,Apple MacBook Air MVH22 2020 - 13 inch Laptop,"۴۶,۹۹۹,۰۰۰",304.1x212.4x16.1 میلی‌متر,1.29 کیلوگرم,Intel,Core i5,quad-core 10th Generation (1030NG7),تا 2.0GHz,1.1 تا 3.5 GHz,6 مگابایت,8 گیگابایت,DDR4,512 گیگابایت,SSD,PCIe SSD,Intel,Intel Iris Plus,بدون حافظه‌ی گرافیکی مجزا,13.3 اینچ,IPS LED-backlit LCD,QHD|2560x1600,خیر,خیر,نسبت تصویر 16 به 10
3597703,https://www.digikala.com/product/dkp-3597703,Apple MacBook Air MVH52 2020 - 13 inch Laptop,"۴۶,۹۹۹,۰۰۰",304.1x212.4x16.1 میلی‌متر,1.29 کیلوگرم,Intel,Core i5,quad-core 10th Generation (1030NG7),تا 2.0GHz,1.1 تا 3.5 GHz,6 مگابایت,8 گیگابایت,DDR4,512 گیگابایت,SSD,PCIe SSD,Intel,Intel Iris Plus,بدون حافظه‌ی گرافیکی مجزا,13.3 اینچ,IPS LED-backlit LCD,QHD|2560x1600,خیر,خیر,نسبت تصویر 16 به 10
3597890,https://www.digikala.com/product/dkp-3597890,Lenovo V15 - A - i5 inch laptop,"۲۰,۰۰۰,۰۰۰",362.2x251.5x19.9 میلی‌متر,1.85 کیلوگرم,Intel,Core i5,8265U,تا 2.0GHz,1.6UP TO 3.9 GHz,6 مگابایت,4 گیگابایت,DDR4,یک ترابایت,هارد دیسک,سرعت حافظه 5400 دور در دقیقه,NVIDIA,MX110,2GB,15.6 اینچ,TFT LED-backlit LCD,HD|1366x768,بله,خیر,
3597987,https://www.digikala.com/product/dkp-3597987,Lenovo V15 - AE - i5 inch laptop,"۲۲,۹۰۰,۰۰۰",362.2x251.5x19.9 میلی‌متر,1.85 کیلوگرم,Intel,Core i5,8265U,تا 2.0GHz,1.6UP TO 3.9 GHz,6 مگابایت,12 گیگابایت,DDR4,یک ترابایت,هارد دیسک,سرعت حافظه 5400 دور در دقیقه,NVIDIA,MX110,2GB,15.6 اینچ,TFT LED-backlit LCD,HD|1366x768,بله,خیر,
3598139,https://www.digikala.com/product/dkp-3598139,Lenovo V15 - AG - i5 inch laptop,"۲۴,۸۰۰,۰۰۰",362.2x251.5x19.9 میلی‌متر,1.85 کیلوگرم,Intel,Core i5,8265U,تا 2.0GHz,1.6UP TO 3.9 GHz,6 مگابایت,12 گیگابایت,DDR4,یک ترابایت,حافظه‌های هیبریدی,به همراه 256GB حافظه SSD,NVIDIA,MX110,2GB,15.6 اینچ,TFT LED-backlit LCD,HD|1366x768,بله,خیر,
3608937,https://www.digikala.com/product/dkp-3608937,LenovoThinkPad e14-ps 14 inch laptop,"۳۰,۴۹۰,۰۰۰",329x242x19.9 میلی‌متر,1.75 کیلوگرم,Intel,Core i7,10510u,,1.8up to4.9 GHz,8 مگابایت,8 گیگابایت,DDR4,یک ترابایت,هارد دیسک,,AMD,AMD Radeon RX640,2GB,14 اینچ,,Full HD| 1920 x1080,بله,خیر,
3609218,https://www.digikala.com/product/dkp-3609218,Lenovo ideapad L3 - BE 15 inch laptop,"۱۹,۷۰۰,۰۰۰",363x254.6x22.9 میلی‌متر,2.2 کیلوگرم,Intel,Core i3,10110U,2.0 تا 2.2 گیگاهرتز,2.1UP TO 4.1 GHz,4 مگابایت,12 گیگابایت,DDR4,یک ترابایت,هارد دیسک,سرعت حافظه 5400 دور در دقیقه,NVIDIA,MX130,2GB,15.6 اینچ,TFT LED-backlit LCD,HD|1366x768,بله,خیر,
3609316,https://www.digikala.com/product/dkp-3609316,Lenovo ideapad L3 - BF 15 inch laptop,"۲۱,۳۰۰,۰۰۰",363x254.6x22.9 میلی‌متر,2.2 کیلوگرم,Intel,Core i3,10110U,2.0 تا 2.2 گیگاهرتز,2.1UP TO 4.1 GHz,4 مگابایت,12 گیگابایت,DDR4,یک ترابایت,حافظه‌های هیبریدی,به همراه 128GB حافظه SSD,NVIDIA,MX130,2GB,15.6 اینچ,TFT LED-backlit LCD,HD|1366x768,بله,خیر,
3609724,https://www.digikala.com/product/dkp-3609724,Lenovo Ideapad 130 - K -15 inch Laptop,"۲۱,۷۰۰,۰۰۰",375.6x253.4x22.7 میلی‌متر,2.1 کیلوگرم,Intel,Core i5,8250U,تا 2.0GHz,1.6UP TO 3.4 GHz,6 مگابایت,8 گیگابایت,DDR4,یک ترابایت,هارد دیسک,سرعت حافظه 5400 دور در دقیقه,NVIDIA,MX110,2GB,15.6 اینچ,TFT LED-backlit LCD,Full HD| 1920 x1080,بله,خیر,
3610141,https://www.digikala.com/product/dkp-3610141,Acer Aspire 3 A315-55G-77TE-15 Inch Laptop,"۲۶,۸۰۰,۰۰۰",368x252x23 میلی‌متر,2.2 کیلوگرم,Intel,Core i7,10510U,تا 2.0GHz,1.8UP TO 4.9 GHz,8 مگابایت,8 گیگابایت,DDR4,یک ترابایت,هارد دیسک,سرعت حافظه 5400 دور در دقیقه,NVIDIA,MX230,2GB,15.6 اینچ,TFT LED-backlit LCD,Full HD| 1920 x1080,بله,خیر,
3610485,https://www.digikala.com/product/dkp-3610485,Lenovo Ideapad V130 - AR - 15 inch Laptop,"۱۶,۶۰۰,۰۰۰",375x253x22.3 میلی‌متر,2.05 کیلوگرم,Intel,Core i3,8130U,2.2 تا 2.5 گیگاهرتز,2.2UP TO 3.4 GHz,4 مگابایت,4 گیگابایت,DDR4,یک ترابایت,هارد دیسک,سرعت حافظه 5400 دور در دقیقه,AMD,M430,2GB,15.6 اینچ,TFT LED-backlit LCD,HD|1366x768,بله,خیر,
3611239,https://www.digikala.com/product/dkp-3611239,HP DA2001NE - A - 15 inch Laptop,"۲۵,۲۰۰,۰۰۰",376x246x22.5 میلی‌متر,2.04 کیلوگرم,Intel,Core i5,10210U,تا 2.0GHz,1.6UP TO 4.2 GHz,6 مگابایت,8 گیگابایت,DDR4,یک ترابایت,هارد دیسک,سرعت حافظه 5400 دور در دقیقه,NVIDIA,MX130,4GB,15.6 اینچ,TFT LED-backlit LCD,HD|1366x768,بله,خیر,
3612428,https://www.digikala.com/product/dkp-3612428,Lenovo ThinkPad E15-PS 15.6 Inch Laptop,"۳۳,۷۰۰,۰۰۰",18x245x368 میلی‌متر,1.9 کیلوگرم,Intel,Core i7,10510u,,1.8up to4.9 GHz,8 مگابایت,8 گیگابایت,DDR4,512 گیگابایت,SSD,,AMD,Radeon RX640,2GB,15.6 اینچ,,Full HD| 1920 x1080,بله,خیر,
3623141,https://www.digikala.com/product/dkp-3623141,ASUS VivoBook X543MA - 624 - 15 inch Laptop,"۱۱,۴۰۰,۰۰۰",381x251x27 میلی‌متر,1.9 کیلوگرم,Intel,Celeron,N4000,,,,4 گیگابایت,DDR4,یک ترابایت,حافظه‌های هیبریدی,,Intel,HD GRAPHICS 500,بدون حافظه‌ی گرافیکی مجزا,15.6 اینچ,,Full HD| 1920 x1080,بله,خیر,
3628826,https://www.digikala.com/product/dkp-3628826,ASUS VivoBook X543MA - AM 15 inch Laptop,"۱۱,۲۱۰,۰۰۰",381x251x27 میلی‌متر,1.9 کیلوگرم,Intel,Celeron,N4000,,1.1 تا 2.6 GHz,4 مگابایت,4 گیگابایت,DDR4,یک ترابایت,هارد دیسک,5400RPM,Intel,HD GRAPHICS 500,بدون حافظه‌ی گرافیکی مجزا,15.6 اینچ,TFT LED-backlit LCD,Full HD| 1920 x1080,بله,خیر,
3629341,https://www.digikala.com/product/dkp-3629341,ASUS VivoBook R545FB - PK 15.6 inch Laptop,"۲۸,۴۱۰,۰۰۰",380x251x29 میلی‌متر,1.9 کیلوگرم,Intel,Core i7,10510U,,1.80 تا 4.90 GHz,8 مگابایت,8 گیگابایت,DDR4,یک ترابایت,هارد دیسک,یک ترابایت حافظه داخلی از نوع هارد دیسک HDD,NVIDIA,GEFORCE MX110,2GB,15.6 اینچ,TFT LED-backlit LCD,Full HD| 1920 x1080,بله,خیر,
3634340,https://www.digikala.com/product/dkp-3634340,ASUS VivoBook R545FJ - C 15.6 inch Laptop,"۳۱,۸۰۰,۰۰۰",380x251x29 میلی‌متر,1.9 کیلوگرم,Intel,Core i7,10510U,2.8 گیگاهرتز و بیشتر,1.8 تا 4.9 GHz,8 مگابایت,8 گیگابایت,DDR4,یک ترابایت,هارد دیسک,یک ترابایت حافظه داخلی از نوع هارد دیسک HDD,NVIDIA,GEFORCE MX330,2GB,15.6 اینچ,TFT LED-backlit LCD,Full HD| 1920 x1080,بله,خیر,
3634341,https://www.digikala.com/product/dkp-3634341,ASUS VivoBook R545FJ - D 15.6 inch Laptop,"۳۲,۸۰۰,۰۰۰",380x251x29 میلی‌متر,1.9 کیلوگرم,Intel,Core i7,10510U,2.8 گیگاهرتز و بیشتر,1.8 تا 4.9 GHz,8 مگابایت,12 گیگابایت,DDR4,یک ترابایت,هارد دیسک,یک ترابایت حافظه داخلی از نوع هارد دیسک HDD,NVIDIA,GEFORCE MX330,2GB,15.6 اینچ,TFT LED-backlit LCD,Full HD| 1920 x1080,بله,خیر,
3634646,https://www.digikala.com/product/dkp-3634646,ASUS ZenBook UX433FLC - D - 14 inch Laptop,"۴۸,۶۰۰,۰۰۰",303x189x17.9 میلی‌متر,1.15 کیلوگرم,Intel,Core i7,10510U,تا 2.0GHz,1.8 تا 4.9 GHz,8 مگابایت,16 گیگابایت,DDR3,یک ترابایت,SSD,یک ترابایت حافظه داخلی از نوع SSD,NVIDIA,GeForce MX250,2GB,14 اینچ,178°wide-view technology,Full HD| 1920 x1080,خیر,خیر,Anti-Glare Panel
3649668,https://www.digikala.com/product/dkp-3649668,Lenovo Ideapad 330 - QE - 15 inch Laptop,"۲۳,۳۰۰,۰۰۰",375.6x253.4x22.7 میلی‌متر,2.1 کیلوگرم,Intel,Core i5,8250U,تا 2.0GHz,1.6UP TO 3.4 GHz,6 مگابایت,12 گیگابایت,DDR4,یک ترابایت,هارد دیسک,سرعت حافظه 5400 دور در دقیقه,AMD,R5 530,4GB,15.6 اینچ,TFT LED-backlit LCD,Full HD| 1920 x1080,بله,خیر,
